record_id,media_id,media_title
1,1198,Classroom\xe2\x98\x86Crisis
2,939,Highlander: The Search for Vengeance
3,1141,Chuuken Mochi Shiba
4,1601,Renou Xueyuan
5,922,Jashin-chan Dropkick Episode 12
6,1190,Ketsuekigata-kun! 3
7,230,Sanguo Yanyi 2nd Season: Zhulu Zhongyuan
8,607,Danball Senki
9,1435,8-gatsu no Symphony: Shibuya 2002-2003
10,1557,Koisuru Boukun
11,914,Chang Jian Fengyun 2
12,1398,Mahoutsukai no Yome
13,365,New Big Head Son and Little Head Dad Season 3
14,1414,SINBAD
15,1078,Message Song
16,505,Oren no yurai
17,794,Yakimochi Caprice
18,771,Kanojo to Kanojo no Neko: Everything Flows
19,1133,Garakuta-doori no Stain
20,1127,Huanbao Tegong Dui
21,1677,Fujinkoron-senpai
22,832,Kagirinaki Rakuen
23,270,Laoying Zhua Xiao Ji Zhi Mowang Shijie Da Maoxian
24,197,Hotsure ni Fureru
25,1351,Yume no Ukiyo ni Saitemina
26,1461,Time Driver: Bokura ga Kaita Mirai
27,1111,Tiaoyue Zhanshi
28,134,Mori no Densetsu
29,477,Asura Cryin'
30,1101,Majokko Tsukune-chan
31,442,DD Hokuto no Ken 2 Ichigo Aji+
32,1129,Kimi o Matsu
33,1196,Tengen Toppa Gurren Lagann: Ore no Gurren wa Pikka-Pika!!
34,636,SKET Dance: Imouto no Nayami ni Nayamu Ani ni Nayamu Imouto to Sono Nakama-tachi
35,743,Fate/Grand Order: Shuukyoku Tokuiten - Kani Jikan Shinden Solomon
36,218,Go to the Top
37,231,Xifan Yuyan
38,1291,Monster Musume no Iru Nichijou (2016)
39,893,Minamo
40,132,Upin & Ipin dan Kawan-Kawan Musim 3
41,19,Yuusha Tokkyuu Might Gaine
42,143,Kitakubu Katsudou Kiroku
43,1533,Urusei Yatsura Movie 1: Only You
44,440,Idol Memories
45,286,Taegeugsonyeon Huin Dogsuli
46,48,Sumikko Gurashi Movie: Tobidasu Ehon to Himitsu no Ko
47,800,The Coin
48,51,Congming Chongwu Dan Xue Shuxue
49,1551,Countdown (2017)
50,1319,Nippon Chinbotsu 2020 Gekijou Henshuban: Shizumanu Kibou
51,299,Sen no Hana Sen no Sora
52,782,Youkoso! Ecolo Shima
53,57,Starry Regrets
54,1548,Hikari no Megami
55,290,"Haikara-san ga Tooru Movie 1: Benio, Hana no 17-sai"
56,196,Qian Qian Wen
57,866,Mugen no Kyoukai
58,911,Gakitabi!: Seishun Oshiro-hen
59,488,Inferno Cop 2nd Season
60,1067,Menghuan Shuyuan 4th Season
61,1580,Miaoshou Xiandan
62,813,Black Channel
63,135,Qise Zhanji
64,1570,Jiutian Xing Dai Ni Wan Zhuan Xiqu
65,695,Zutto Mae kara Suki deshita.: Kokuhaku Jikkou Iinkai - Kinyoubi no Ohayou
66,706,Zutto Mayonaka de Iinoni.: Kangure i
67,1641,Touhou Hakuchuumu
68,565,Baymax and Mochi
69,625,"Suisei no Gargantia: Meguru Kouro, Haruka"
70,1010,Boku no Lyric no Bouyomi: Boku wa Mou Inai
71,432,Line
72,468,Gundam vs Hello Kitty
73,1243,"Oam Monogatari: Sono Natsu, Watashi ga Shitta koto"
74,1447,Suite Precure\xe2\x99\xaa
75,376,Survival
76,1296,The Siamese: First Mission
77,1121,Beuledeu Ibalso
78,1194,Kininaru Kimochi
79,36,Kashisu to Aruru no Monogatari
80,1625,Sukima no Kuni no Polta
81,609,Jing Jing Lai Le Dao
82,797,Koukaku Kidoutai: Stand Alone Complex - Solid State Society 3D - Tachikoma no Hibi
83,63,Sensei no Ojikan: Doki Doki School Hours OVA
84,1553,Ie Naki Ko Remi Specials (2001)
85,689,Hoshi no Kirby: Pilot
86,1295,Issei Kiyuukyoku: Divertimento
87,1639,Girls & Panzer: Shoukai Shimasu!
88,653,Detective Conan - Approaching the Mystery of the Ancient Dinosaurs!
89,1309,No Guns Life Mini
90,480,Ham-chanz no Mezase! Ham-Ham Kin Medal: Hashire! Hashire! Daisakusen!
91,1250,Ooatari Sora no Entaku
92,1486,Kuma no Keimusho
93,624,The Mysterious Cities of Gold Season 4
94,919,Nihon Omoshiro Mukashibanashi
95,793,One Piece: Episode of Merry - Mou Hitori no Nakama no Monogatari
96,1539,Fei Meng Shaon\xc3\xbc
97,1110,Jin Guang Yu Jiu Jie: Mo Shi Fu Jie
98,228,Mai Ge Chuanqi
99,631,Souten no Ken: Regenesis 2
100,739,Kuroko no Baske (2015): NG-shuu
101,294,Karakuri Circus (TV)
102,388,Hanasaku Kizuna no Romantan
103,187,Kindaichi Shounen no Jikenbo: Operaza-kan Saigo no Satsujin
104,399,Metropolitan Museum
105,94,Breaking the Habit
106,157,Nouryoku Hikitsugi de Otome Game no Sekai ni Tensei Shita Ken ni Tsuite www
107,99,Captain Bal
108,1104,Creatokyo Vega CM
109,597,Jarinko Chie (TV)
110,1099,W\xe2\x80\x99z: Hand Shakers with W\xe2\x80\x99z
111,1259,Tales of Symphonia The Animation: Kratos-sensei no Private Lesson
112,1510,Getter Robo Arc
113,888,Gekijouban Soushuuhen Overlord: Manner Movie
114,1523,Kirakira
115,1086,Upin & Ipin Musim 9
116,1353,Mameshi-Pamyu-Pamyu
117,1424,Kinnikuman: Kinnikusei Oui Soudatsu-hen
118,259,Teeter
119,1530,Rurouni Kenshin: Meiji Kenkaku Romantan
120,1444,Night Raid 1931: Demon of the Opium Den
121,913,Kara no Kyoukai 2: Satsujin Kousatsu (Zen)
122,1478,Xing Mao Wenhua Da Jiangtang Minjian Chuanqi Zhi Long Nu
123,359,Best Care Group
124,614,Mushi Shinobu
125,884,Shi Wan Ge Leng Xiao Hua
126,1115,Xiao Shu Ping Ping Zhi Chengyu Dadian season2
127,787,Higuma no Ongaeshi
128,393,Jo Uta
129,1252,Edens Zero
130,724,JoJo\xe2\x80\x99s Bizarre Adventure Re-edited
131,784,Shoujo Senki Brain Jacker
132,1405,Rakushou! Hyper Doll
133,1404,Yume-iro P\xc3\xa2tissi\xc3\xa8re
134,1216,Ahiru no Ko
135,55,1year
136,1469,Chuang Tang Tu 2 Fengkuang Maxi Tuan
137,657,Orientation
138,322,Si Hai Jing Qi 2
139,775,Tiger Mask (Movie)
140,178,Ado: Aitakute
141,1073,Midnight Eye: Gokuu II
142,796,Final Fantasy VII: Advent Children Complete
143,601,Gakken no Zunou Kaihatsu Video
144,1096,Sore Ike! Anpanman: Franken-Robo-kun's Surprised Christmas
145,664,Jing Ling Qi Yuan
146,1550,Haitai Nanafa 2nd Season
147,353,Skyland
148,1195,Guilstein
149,776,Keishicho Tokumu-bu Tokushu Kyoaku-han Taisaku-Shitsu Dai-Nana-ka: Tokunana OVA File 0.5
150,394,TOHO Cinemas x One Piece Film: Gold - Tokubetsu Eizou
151,1667,Megumi to Taiyou III: Kajuu Gummi Tweet Fantasy - Timeline World
152,751,Mushoku Tensei: Isekai Ittara Honki Dasu Special
153,1504,Kobutori (1929)
154,707,Yuu\xe2\x98\x86Yuu\xe2\x98\x86Hakusho: Eizou Hakusho II
155,569,Kaijuu Girls Kuro: Ultra Kaijuu Gijinka Keikaku
156,610,Dang doi thang Cao
157,428,Shinkai no Survival!
158,1322,Adventure Time Season 3
159,1520,Nazotoki-hime wa Meitantei\xe2\x99\xa5
160,102,Cat Step
161,141,Grami\xe2\x80\x99s Circus Show
162,780,Modern No.2
163,140,Maid of the Dead
164,84,Houseki no Kuni (ONA)
165,464,Royal Space Force: The Wings of Honneamise Pilot
166,62,Wan Jie Du Zun
167,1607,Small Garden
168,139,Man Jie Guoxue Xilie-Yuyan Gushi
169,732,Guobao Te Gong 2nd Season
170,165,Himitsukessha Taka no Tsume GG
171,310,Harumaki Gohan: Yakusoku (vocal ver.)
172,1249,Deep Sea Tentacle
173,805,Vivi
174,1083,Dai Mahou Touge
175,138,Bai Bian Xiao Ba
176,1453,Ai Tenchi Muyou!
177,401,Shaonian Shiye Zhi Ji Yu Shengdian
178,340,Mobile Suit SD Gundam Mk II
179,1521,Tayo-ui Jangnangam Adventure
180,1163,Uchuu Senkan Yamato 2205: Aratanaru Tabidachi
181,405,Itsudatte My Santa!
182,592,Saint Seiya: The Lost Canvas - Meiou Shinwa
183,154,Kinoshita: Do My Best!
184,1541,Love x Holic: Miwaku no Otome to Hakudaku Kankei - The Animation
185,1046,Zenbu Wakatteru
186,1337,Ni Yian Jian Shen
187,1262,Otome Chic
188,1480,Another Time
189,16,Xiao Buji
190,1044,Neko no Dayan (2017)
191,517,Dakaretai Otoko 1-i ni Odosarete Imasu. Movie: Spain-hen
192,207,Wares: Beyond
193,1071,"Inari, Konkon, Koi Iroha.: Inari, Konkon, Semishigure."
194,691,Taketori Overnight Sensation
195,851,Xi Yangyang Yu Hui Tailang: Kuang Chu Shengli
196,1085,Sabage-bu! Specials
197,212,Mormorando
198,848,Jian Ji Xingshi
199,172,Doraemon Movie 23: Nobita to Robot Kingdom
200,1336,Drifters (OVA)
201,203,Nintama Rantarou no Uchuu Daibouken with Cosmic Front Next (2016)
202,958,Sanrio Anime Sekai Meisaku Gekijou
203,604,Jinkou Shoujo: Henshin Sex Android
204,65,Ppalgan Gudu Jeunghugun
205,1661,Manga Hajimete Monogatari
206,383,Konjiki no Gash Bell!!
207,1459,Suki na Mono wa Suki da kara Shou ga Nai!!: Onsen ni Ikou!
208,1125,Qiang Zhen Tou
209,1611,Nakado Riku Animation: Hijouyou Mochidashi Bukuro wo Youi Shiyou
210,317,Francois CM: Cassis to Arles no Monogatari - Atarashii Monogatari
211,1234,Fu Le Xunbao Lixian Ji
212,469,Sore Ike! Anpanman: Horrorman to Hora Horako
213,1643,Hong Huang
214,1449,Binan Koukou Chikyuu Boueibu LOVE! LOVE!
215,112,The Idolmaster Cinderella Girls: Starlight Stage 5 Shuunen Kinen - Go Just Go!
216,1399,Shinkansen Henkei Robo Shinkalion
217,443,Sugar*Soldier
218,723,Tsukiyo to Megane
219,585,Uracon II Opening Animation
220,1158,Rekka no Suiryoku
221,906,Sengoku Gyoujin Dullahan: Kagen no Keishousha
222,445,Detective Conan Movie 05: Countdown to Heaven
223,108,Kaeru Ouji to Imomushi Henry
224,655,Don Pepe no Uta
225,1345,Baobao Yue Xuetang: Binfen Kuaile Hao
226,1277,Son Gokuu War and the Stars
227,260,Takayan: Jibun no Koto ga Daikirai na Onnanoko no Kyoku
228,351,Wo Qi Ku Le Baiwan Xiulianzhe
229,690,Prison School
230,69,Huyao Xiao Hongniang: Liang Sheng Hua
231,745,Tooi Sekai
232,193,Lodoss-tou Senki
233,1666,Oniku Daisuki! Zeushi-kun
234,719,King of Prism: Shiny Seven Stars I - Prologue \xc3\x97 Yukinojou \xc3\x97 Taiga
235,530,One Piece: Jango no Dance Carnival
236,291,Kemono no Souja Erin
237,153,Boku wa Ou-sama (2013) Specials
238,1361,Uchiage Hanabi
239,95,Zhun Xing
240,413,Paradise
241,641,Lupin Sansei: Napoleon no Jisho o Ubae
242,773,Heppoko Jikken Animation Excel\xe2\x99\xa5Saga
243,58,Minimoni: Minihams no Kekkon Song
244,1406,Eroge de Subete wa Kaiketsu Dekiru! The Animation
245,542,HoneyWorks: Kotoba no Iranai Yakusoku
246,675,He N\xc3\xbc'er De Richang 2nd Season Special
247,151,Bokura no Saibanin Monogatari
248,977,Yukuai De Shiwumen
249,419,Tanpen Unico: Kuroi Kumo to Shiroi Hane
250,1338,Lupin III Special 18: Seven Days Rhapsody
251,287,Miraijin Go Home
252,1130,Dagashi Kashi
253,591,Han Solo/Star Wars Story
254,1139,Cheng Cheng Xue Falu Zhi Xiaofang Pian
255,219,Ji Jia Dashi
256,1350,Ditou Rensheng
257,1389,12-sai.: Chicchana Mune no Tokimeki
258,498,Himitsukessha Taka no Tsume Specials
259,1400,Norakuro Recap
260,1248,Shakugan no Shana-tan II
261,1494,Mohuan Tuoluo Zhi Ji Jia Zhan Che
262,258,Love Bitch: Yasashii Onna
263,918,Maison Ikkoku: Shiki Utsuriyuku Kisetsu no Naka de
264,345,Paper Film
265,738,Machikado no M\xc3\xa4rchen
266,1220,Moshi Juexing: Suyuan
267,1060,"Oishinbo: Kyuukyoku tai Shikou, Chouju Ryouri Taiketsu!!"
268,501,Shingetsutan Tsukihime
269,902,Eureka Seven AO: Jungfrau no Hanabana-tachi
270,1367,JANTAMA PV
271,1023,DLsite CM: Kouhai Kanojo Yuzu Ki-hen
272,563,The\xe2\x98\x86Doraemons: Goal! Goal! Goal!!
273,39,Qian Zi Wen
274,343,Seiyuu's Life! A Small After-Party!
275,867,Kimi no Sekai ni Hanataba wo
276,35,Electric Magic feat. Kagamine Len & Kagamine Rin
277,1559,Marine Bloomin'
278,186,Weather Hackers\xe2\x98\x86
279,510,Jubilee
280,550,Stereo
281,1573,Danganronpa 3: The End of Kibougamine Gakuen - Kibou-hen
282,652,Zetsumetsu Kigu-shun. (2020)
283,421,"Soukou Kihei Votoms Vol. II: Highlights from the ""AT Votoms"""
284,1187,Hikaru no Go: Memories
285,583,Mo Fang Da Sha
286,586,"Yowai 5000-nen no Soushoku Dragon, Iwarenaki Jaryuu Nintei"
287,1556,Sum Sok Chingu Stonyz
288,1599,Xiao Liangmao 2: Bailu Guilai
289,1079,Jie Li Dou season2
290,451,Mahou Shoujo Ore
291,514,Toshoshitsu no Kanojo: Seiso na Kimi ga Ochiru made - The Animation
292,457,Oshiete Mahou no Pendulum: Rilu Rilu Fairilu
293,673,Du La Zhihui Leyuan
294,1492,Star Smash PV
295,1301,Sha Jia Bang Xin Chuan
296,184,For Campanella
297,961,Koukaku Kidoutai: Stand Alone Complex 2nd GIG - Individual Eleven
298,1327,Roll Call
299,1330,Ojarumaru: Chitchai Mono no Ookina Chikara
300,1452,Evangelion 3D
301,52,Xiao Ji Bu Hao Re season7
302,834,No Money Specials
303,1119,Valkyrie Drive: Mermaid Specials
304,1354,Shengxiao Baobei
305,1027,Kunoichi Sakuya
306,1622,"Tokyo Ghoul: ""Pinto"""
307,1483,Shinsetsu Kachikachi Yama
308,527,Sangatsu no Lion: Zenhan Soushuuhen
309,163,Pao Fu Xiaojie
310,1650,Dungeon ni Deai wo Motomeru no wa Machigatteiru Darou ka OVA
311,1534,Heppoko Jikken Animation Excel Saga: Yarisugi
312,1014,SKET Dance: SD Character Flash Anime
313,1423,Kuaile Meng Duo Duo
314,408,Juushin Liger
315,1290,Hitori no Shita: The Outcast 4
316,14,Angel's Feather
317,1503,Aikatsu!: Dai Starmiya Ichigo Matsuri Zenyasai!!
318,877,Shin Doha Kokusai Kuukou
319,1577,Fate/Extra: Last Encore
320,474,Shan Hai Juelun
321,993,Ashita no Joe (Movie)
322,1253,.hack//Tasogare no Udewa Densetsu
323,1285,Yuan Zun
324,1273,Landreaall
325,818,Hello Kitty no Hakuchou no Ouji
326,181,Jigoku de Naze Warui
327,1600,The Powerpuff Girls Rule!!!
328,645,Gyakkyou Burai Kaiji: Ultimate Survivor
329,621,Zeng Guang Xian Wen
330,420,Menghuan Shuyuan 3rd Season
331,1546,Free
332,339,Fragtime
333,870,Mayonaka no Occult Koumuin: Fukurokouji to Ano Ko to Ore to
334,1466,Koe wo Kikasete
335,1186,Harebare Fanfare
336,688,Strange Reitaro: humming bird
337,674,Reizouko no Tsukenosuke!
338,983,Naikaku Kenryoku Hanzai Kyousei Torishimarikan Zaizen Joutarou
339,145,Lupin III (2015) Specials
340,620,Jaku-Chara Tomozaki-kun Specials
341,1555,86 Special Edition: Senya ni Akaku Hinageshi no Saku
342,1209,Cardfight!! Vanguard G
343,473,Alice in City Roaming
344,1479,Guraburu!
345,996,Hataraki Man
346,1652,Bai Bian Bu Lu Ke
347,54,Taiho Shichau zo (1996)
348,1026,Babel Nisei (2001)
349,640,Fuxing Ba Jie Zhi Da Nian Xiao Guai
350,111,Mouretsu Pirates: Abyss of Hyperspace
351,898,Hangyodon: Hadaka no Ou-sama
352,80,"Kemeko Deluxe!: Izumi-chan, Fukenkou yo! (Kari)"
353,387,Hitotsu no Hana
354,1165,Yobou-san to Yoboushiyou
355,1422,Fate/kaleid liner Prisma\xe2\x98\x86Illya 2wei!: Mahou Shoujo in Onsen Ryokou
356,1416,Porong Porong Pororo 6
357,1128,Leonardo Hakase to Kirin-mura no Nakama-tachi
358,534,2020 Nyeon Ujuui Wonder Kiddy
359,1410,"Last Night, Good Night (Re:Dialed)"
360,850,Kabushikigaisha OPT Shinsotsu Saiyou Movie
361,915,Mu Ji Banjia
362,752,Yuuki Yuuna wa Yuushabu Shozoku
363,1326,Ame no Ten Ten
364,713,Tower of Druaga: The Aegis of Uruk: Jil no Bouken
365,1048,Uchuu Senkan Yamato 2202: Ai no Senshi-tachi - Tenmei-hen
366,1152,Maburaho
367,1306,Mobile Suit Gundam Wing: Endless Waltz
368,523,Noragami OVA
369,1120,Yang Jia Jiang Zhi Jin Shatan
370,1475,Wo Wei Ge Kuang
371,1261,"Ore, Twintail ni Narimasu. Recap"
372,735,Magical Hat
373,9,Ch\xc3\xa4os;Child: Ch\xc3\xa4os;Head
374,1033,Skate-Leading\xe2\x98\x86Stars
375,1458,Susume! Gachimuchi Sankyoudai
376,156,Mofu\xe2\x98\x86Mofu
377,1331,Miboujin Nikki: Akogare no Ano Hito to Hitotsu Yane no Shita
378,169,Beam!
379,42,Okane ga Nai Specials
380,1432,Tokimeki Restaurant\xe2\x98\x86\xe2\x98\x86\xe2\x98\x86 MIRACLE6 Movie
381,716,Lei Su Deng Yi Fei Chong Tian
382,786,Backkom Mission Impossible
383,183,Persona 3 The Movie
384,1362,Chaoji Fei Xia
385,2,Metamorphosis
386,1342,Shingeki no Kyojin: The Final Season Specials
387,1090,Fumikiri Jikan
388,1145,Tiger Mask Fuku Men League Sen
389,754,Lei Bi Baobei Yu Ha Pai Leyuan
390,403,Xiao Ban Long Haiyang Baike
391,398,The Prince of Tennis II: Hyoutei vs Rikkai - Game of Future
392,1502,Gan Bu Da Maoxian
393,431,Weiqi Shaonian 2
394,495,Submarine Super 99
395,278,Mutou Guniang
396,361,Pocket Monster Advanced Generation: Pikachuu no Obake Carnival
397,1153,Grimm (Tentative Title)
398,1376,Noise
399,643,Mizu no Kotoba
400,1176,Bishoujo Animerama: Gokkun Doll - Choujigen Pico-chan Toujou!!
401,671,Gang Tie Fei Long Zhi Ao Te Man Jue Qi
402,889,Joutoku
403,1047,Viper GTS
404,262,Mah: Kazami Tori
405,1107,Violence Voyager
406,320,Xiqu Donghua Jijin
407,283,Rurouni Kenshin: Meiji Kenkaku Romantan - Tsuioku-hen
408,750,Heartful Maman The Animation
409,1193,Xiao Ji Caihong 5
410,1055,Tekken
411,879,Urikupen Kyuujo-tai
412,70,Tamako Market: Pettanko Anime - Occhoko Choi-chan
413,714,Lao Fu Zi Zhi Xiao Shui Hu Chuan Qi
414,615,Aa Harimanada
415,240,Zhu Zhu Xia: Jing Qiu Xiao Yingxiong
416,1427,Hua Jianghu: Buliang Ren 4
417,76,Zhen Gongfu Zhi Aoyun Zai Wojia
418,1254,Kaze Guruma
419,508,Pokemon: The Magikarp Song
420,857,Tokyo Babylon: Vision
421,1225,Lie Yang Tiandao II
422,282,B: The Beginning Succession
423,1485,Rule
424,581,Xiaolong Wan Di Zhi Huanle Xiaoyuan
425,965,Roppou Yabure-kun
426,1482,Catman
427,395,Shinju Kusa
428,1246,Kenzen Robo Daimidaler
429,831,Bananya
430,106,Uchuu Senkan Yamato 2202: Ai no Senshi-tachi - Rengoku-hen
431,116,Ba La La Xiao Mo Xian Zhi: Feiyue Cai Ling Bao Di Er Ji
432,1123,Tunshu Xuetang Zhi Chengyu Gushi
433,875,Sojunghan Nal-ui Kkum
434,352,Sumeba Miyako no Cosmos-sou Suttoko Taisen Dokkoida
435,334,Love Nights! A.D
436,619,Caesura of Despair
437,257,Christmas
438,895,Kobo-chan: Matsuri ga Ippai!
439,49,Long Xin Shaon\xc3\xbc: Zhuiluo
440,1333,Mo Ji Bianxing
441,481,Bishoujo Senshi Sailor Moon SuperS Gaiden: Ami-chan no Hatsukoi
442,1072,Xiao Cangshu Di Di de Chi Bo Richang
443,409,Qin Shi Mingyue: Junlin Tianxia
444,1495,Nekogami Yaoyorozu: Dennou Wanderers
445,15,Yasai no Yousei: Quiz Gekijou
446,223,Gen Hoshino: Sarashimono
447,1040,Onna Kyoushi: Nikutai Jugyou
448,41,Gou Gou Xiongxiong Le Fantian
449,1105,dwarf Movie Lab
450,1384,Suki! Yuki! Maji Magic feat. Hatsune Miku
451,648,"Like Sex, the Fish"
452,303,Mina no Mura to Mori
453,502,Healin' Good\xe2\x9d\xa4\xef\xb8\x8ePrecure Movie: Yume no Machi de Kyun! tto GoGo! Dai Henshin!!
454,1377,Muzumuzu Eighteen
455,835,Yueqiu Shou
456,598,Aya Hito Shiki to Iu na no Ishi Hata
457,47,Wo Qi Ku Liao Baiwan Xiulian Zhe
458,849,Tokyo 2164
459,681,Sexy Commando Gaiden: Sugoi yo!! Masaru-san
460,1448,Sora no Otoshimono: Forte
461,242,Memories
462,1474,Tenchi Muyou!: Galaxy Police Mihoshi Space Adventure
463,1407,Marie's Sugar Plum
464,417,Pocket Monsters: Kesshoutou no Teiou ENTEI
465,470,Zoids Wild Zero
466,647,Minerva no Kenshi
467,827,The Diary of Ochibi
468,1102,Hikari no Machi
469,404,En En Nikoli
470,860,Sayonara Zetsubou Sensei Jo: Zetsubou Shoujo Senshuu
471,1575,Shokupan Mimi Specials
472,31,Rock`n Oyone
473,1562,Betterman
474,1122,Gintama x Mameshiba
475,644,Hyper-Psychic Geo Garaga
476,314,Chinzei Hachirou Tametomo
477,812,Man Shu Lan Liuliu
478,174,Hana no Asuka Gumi!
479,970,Ojamajo Doremi#: Hana-chan to Issho!
480,449,Usagi no Mofy (TV)
481,694,Ice Drop
482,1200,Larva
483,1659,Watashi no Naka no Gensou-teki Sekaikan Oyobi Sono Kengen wo Souki Saseta Aru Genjitsu de no Dekigoto ni Kansuru Ichi Kousatsu
484,429,Xin Xiyou Man Ji
485,1529,Fuyu no Niji
486,1091,MILPOM\xe2\x98\x85
487,131,Goblin Slayer PV
488,97,Soukou Kihei Votoms: Sunsa
489,666,Nanocore: NG Scenes - Nano's Daily Life
490,1265,Qin Shi Ming Yue: Junlin Tianxia
491,1271,Ima demo Senchou to Yobarete iru Senchou no Yoru
492,1057,Wheely: Gempak & Lawak
493,46,Africa no Salaryman
494,1594,Nijuusou: Wana ni Ochita Onna-tachi
495,966,Hangyodon no 00 7/2: Doctor-san
496,579,Honkai Impact 3 Animation: Bronya
497,59,Alice to Zouroku
498,987,Handsome Kenya: Random
499,18,Ikoku Meiro no Crois\xc3\xa9e Picture Drama
500,1207,Tenshi no Habataki Jun
501,1508,Astro Boy: Tetsuwan Atom - Getsumen Kichi - Kieta Robot no Nazo
502,302,For
503,1066,Akai Ito
504,363,Pico to Chico
505,978,Mogui Xinpian
506,1062,Aimer: Polaris
507,1162,Enyogu
508,1260,Zhu Zhu Xia: Xing Fu Jiu Yuan Dui
509,1544,Song Dai Zu Qiu Xiao Jiang
510,85,School Days: Valentine Days
511,1538,Yuki Terai
512,945,Neru: Tokyo Teddy Bear
513,1522,Denpa Onna to Seishun Otoko
514,121,Rikei ga Koi ni Ochita no de Shoumei shitemita. Heart
515,29,Pokemon Movie 03: Kesshoutou no Teiou Entei PV
516,1365,Kuro-Nikuru Girls
517,627,Xing Hai Qi Shi
518,741,The Adventures of the Galaxy Rangers
519,1443,Fuse: Teppou Musume no Torimonochou
520,1192,Konpeitou no Omajinai
521,806,Jixiang Baobao season4
522,162,Chengshi Yezhan Pai
523,1415,Yuru Camp\xe2\x96\xb3 Specials
524,1542,Gegege no Kitarou: Saikyou Youkai Gundan! Nippon Jouriku!!
525,241,Arigato Thank You
526,1527,Teekyuu 2
527,357,Sifan
528,753,Hibabe
529,265,Haitoku no Kyoukai
530,171,Sore Ike! Anpanman: Anpanman to Yukai na Nakama-tachi
531,630,The Perfect World
532,1161,Yakata: Kannou Kitan
533,801,Oyasumi Sex
534,594,Comiwa Bebe
535,1045,Momoiro no Crayon
536,1680,Doupo Cangqiong 2nd Season
537,1634,Dragon Pink
538,1660,Yoru gohan no jikoku
539,1375,Xiaofang Yingxiong
540,1324,Fei Ren Zai 5th Season
541,1366,Forest and Trees
542,1146,Negigeki
543,1136,Taiho Shichau zo (TV)
544,1470,Mei Jian Chi
545,214,Detective Conan OVA 01: Conan vs. Kid vs. Yaiba
546,737,Climbing
547,881,Tai Hao Fuxi
548,999,Eroge! H mo Game mo Kaihatsu Zanmai Recap
549,612,Sigh
550,1312,Yi Shijie Zhongyao Pu (2021)
551,1582,Ghost in the Shell Arise: Border 5 - Pyrophoric Cult
552,1281,Hakata Tonkotsu Ramens
553,1571,Hana (2006)
554,297,Monster Strike the Animation: Trouble in Monster Strike
555,1411,"Honkai Impact 3rd Official Anime ""Tenjo no Meteor"" Chapter XIV"
556,975,Jungle Taitei Movie (1997)
557,323,Planetarium Pokemon: Aurora kara no Message
558,809,Marine Snow
559,1284,Sai Er Hao Season 6: Cangqiong Liehuo
560,381,Owari no Seraph
561,1670,Monster Farm: Enbanseki no Himitsu
562,1636,Ao no Strada
563,1617,Bakuten Shoot Beyblade the Movie: Gekitou!! Takao vs. Daichi
564,38,Rescue
565,717,Na Nian Na Tu Naxie Shi season2
566,1275,Timing (Movie)
567,301,Koshiore Tsubame
568,635,Azuki-chan the Movie
569,1113,Drop
570,103,Ab-rah
571,1188,Natane Shigure
572,1068,Houkago: Nureta Seifuku
573,1648,Qian Ting Zong Dong Yuan: Hai Di Liang Wan Li
574,1613,Seirei Gensouki 2nd Season
575,185,Luo Xiao Hei Zhan Ji: Fan Wai
576,1031,Diamond no Ace OVA
577,1001,Given: Uragawa no Sonzai
578,988,Shironeko Project: Zero Chronicle
579,1305,Sokkuri Oyako
580,522,My Shelter
581,1572,Yuu Eryuan Da Zhong Xiaoban
582,1628,Mey-chan: Nanba Anain
583,1303,Buou Jingling
584,1049,Kuku\xe2\x98\x85Nenbutsu
585,969,Kyou no 5 no 2 (TV): Takarabako
586,1124,Mobile Suit Gundam SEED Movie II: The Far-Away Dawn
587,1325,Macross F Movie 2: Sayonara no Tsubasa
588,423,Tonggu Qi Yuan
589,1584,Hirune Hime: Shiranai Watashi no Monogatari
590,1359,Il torero Camomillo
591,1651,Xingji Jiazu Zhi Anquan Shaonian Tuan
592,1604,Shounen Sunday CM: ARMS
593,1462,Meishi Da Maoxian Di Yi Ji: Zheng He Hao Qihang
594,1368,Strike Witches Operation Victory Arrow Vol. 2: Aegean Umi no Megami
595,876,Pia Carrot e Youkoso!! 2
596,1037,KAGEROU DAZE No.9
597,1463,Komadori Eiga: Komaneko
598,1239,Umineko no Naku Koro ni
599,721,Wu Geng Ji 4th Season
600,1191,Dekimon
601,639,Fanta Jiisan no Uta
602,239,Toaru Majutsu no Index 10th Anniversary PV
603,582,Xia Gu Zhong An Zu
604,22,Shitamachi Alien PapiPipiPupi
605,811,Mon-Soni! D'Artagnan no Idol Sengen
606,263,Digimon Savers: Agumon! Gaomon! Lalamon! Bakuretsu! Jougai Last Battle!
607,1506,Fuuma no Kojirou: Seiken Sensou-hen
608,938,Otome wa Boku ni Koishiteru: Futari no Elder The Animation
609,538,Natsuyasumi no Osakana
610,952,Kuma no Gakkou Movie 1: Jackie to Katie
611,846,Arbeit Shiyo!!
612,1454,Ryuuzou to Shichinin no Kobun-tachi x Frogman
613,1344,Lalala Demacia Third Season
614,309,Cinderella Girls Gekijou: Climax Season
615,1552,Donten ni Warau x Mameshiba
616,1609,Kaminari Boy Pikatta-kun no Koutsu Anzen
617,1440,Dappys
618,170,Friends: Mononoke Shima no Naki
619,295,Kibun Kibun
620,1100,Tokyo Fantasia
621,897,Furusato Japan
622,626,Naze Nani Dendrogram
623,1531,Tonari no Seki-kun
624,820,Miss Monochrome: Music Clips
625,535,Tacica: Newsong
626,200,Dragon Egg
627,86,Greek Roman Sinhwa: Olympus Guardian (Movie)
628,606,Zhu Shu Zhushou Shu
629,446,Kaibutsu-kun: Kaibutsu Land e no Shoutai
630,567,Koi Tsubomi
631,936,Tsuki ga Kirei Special
632,1568,xxxHOLiC Rou
633,788,Pro Golfer Saru: Kouga Hikyou! Kage no Ninpou Golfer Sanjou!
634,1308,BOY's LOVE Nitro+CHiRAL
635,461,Seishun Buta Yarou wa Bunny Girl Senpai no Yume wo Minai Picture Drama
636,1114,Shentan Bao Xingxing
637,1160,Kanon Kazahana
638,1408,Tenshi Kinryouku
639,471,Hamatora The Animation
640,1446,Gaina Tamager
641,1157,Puchitto Gargantia: Marumaru no Gargantia
642,785,Boukensha-tachi: Gamba to Nanahiki no Nakama
643,129,Yoshinari You Gashuu Rakugaki-hen - Tezuka Osamu Characters
644,32,Shigeru
645,324,Saiunkoku Monogatari Soushuuhen
646,315,ROXY x Masanobu Featuring Stephanie Gilmore
647,558,Inemuri Buu-chan
648,255,Riki-Oh 2: Horobi no Ko
649,1235,Aonitamerau
650,1081,Sankarea OVA
651,649,Yu\xe2\x98\x86Gi\xe2\x98\x86Oh! 5D's
652,1484,Jijia Shou Shen
653,491,Menghuan Zhen 4
654,406,"The iDOLM@STER Million Live! ""Dreaming!"" Animation PV"
655,83,Sheng Xin Shi Zhan Ji season2
656,1320,Onikiri Shoujo
657,1228,Trinity Seven
658,307,Geomjeong Gomusin: Television Sadeon Nal
659,883,Stella no Mahou Specials
660,427,Gomennasai
661,180,The Gregory Gallery Tour Special
662,967,Masamune Datenicle (2021)
663,687,Angel (Special)
664,1214,Utawarerumono
665,407,The iDOLM@STER Cinderella Girls: Starlight Stage - 5-shuunen Kinen! Go Just Go! PV
666,208,Himeyuri no Tou
667,105,Ni no Kuni Nara: Cross Worlds
668,1269,Uso Uso Uso Uso
669,372,Gekijouban Pocket Monsters Advanced Generation: Rekkuu no Houmonsha Deoxys
670,1507,Okusama wa Moto Yariman
671,1148,Oishinbo Pilot
672,1019,Strike Witches: 501 Butai Hasshin Shimasu!
673,192,Meiji Tokyo Renka Movie: Yumihari no Serenade
674,133,Macross \xce\x94 Preview Special
675,77,Glass no Kamen: Sen no Kamen wo Motsu Shoujo
676,823,Mahouka Koukou no Rettousei: 10th Anniversary PV
677,1149,Kuroko no Basket: Saikou no Present Desu
678,1564,Super Titan 15
679,1241,Haiyore! Nyaruko-san W OVA
680,1197,Zhongdian Fuzi
681,662,Bartender
682,1610,Youkai Watch
683,117,Bao Bao Wo
684,1328,Duo Xuan Shi
685,545,Neko Jockey 2nd Season
686,769,Sakura Taisen: Sumire
687,658,Bokutachi wa Benkyou ga Dekinai: Nagisa ni Usemono Arite Senjin wa Enzen to [X] Suru
688,53,Digimon Adventure Movie
689,1242,Lingyun Daima
690,1676,Major 2nd (TV) 2nd Season
691,439,Star Beat!: Hoshi no Kodou
692,646,Xi Yangyang Yu Hui Tailang: Qihuan Tiankong Dao
693,213,Adventure Time Season 4
694,1630,Ni Zhuan Ci Yuan: AI Jue Qi
695,1682,"Kono Danshi, Uchuujin to Tatakaemasu."
696,497,Tanoshii Sansuu
697,559,Samurai Deeper Kyou
698,665,Du La Jiang Gushi
699,1245,Let's Nupu Nupu
700,248,Flying Messenger
701,1425,Offside Girl
702,561,Suirin: Karma 2
703,1304,Shaonian Hua Tuo
704,676,Sasurai-kun
705,382,Xiao Yang Duo Li 2nd Season
706,467,Shenqi Da Maoxian
707,1635,Oishinbo
708,950,Eiga Enzetsu: Seiji no Rinrika \xe2\x80\x93 Gotou Shinpei 1926
709,1598,Hua Jianghu: Buliang Ren III
710,701,Teekyuu 6
711,254,Baka Baka Baka na Sekai
712,1655,Kekkai Sensen: Ousama no Restaurant no Ousama
713,293,Hello Kitty no Fushigi na Mizuumi
714,128,GS Mikami: Gokuraku Daisakusen!!
715,1656,Hamster no Kumachu
716,1307,Zuihou de Zhaohuan Shi
717,1679,Comedy Skit 1989
718,1339,Super Fishing Grander Musashi
719,306,Gleipnir
720,348,"Muse / Exogenesis Part 3 (Redemption) Tekken ""Furiko"""
721,344,Haidao Jingling
722,284,Black Christmas
723,1464,City Hunter 2
724,454,"Kimi to Boku no Saigo no Senjou, Aruiwa Sekai ga Hajimaru Seisen (Zoku-hen)"
725,237,Orchid\xe2\x98\x85Emblem
726,390,Kana Kana Kazoku: Stop Rubella
727,549,Ultraman USA
728,336,Naruto Shippuden Movie 3: The Will of Fire
729,847,Happiness Charge PreCure! Movie: Ningyou no Kuni no Ballerina
730,1346,Mobile Suit Gundam Thunderbolt: December Sky
731,221,Detective Conan: Episode One - The Great Detective Turned Small
732,227,Space Cobra Pilot
733,1509,Yumekui Merry
734,826,Qi Niu Nan Xia
735,256,100-nichikan Ikita Wani X Bourbon
736,274,Pia Carrot e Youkoso!! 2 DX
737,580,Mawaru Penguindrum
738,379,Xiagu Zhong An Zu 2nd Season
739,1370,Mu Ma Yijia
740,1255,Silk Road Shounen Yuuto: Toki wo Kakeru Shounen Yuuto no Hyouryuu Nikki
741,424,Princess Principal: Crown Handler Movie 2
742,338,Pokemon: Utae Meloetta - Rinka no Mi wo Sagase!
743,547,Kakashi Anbu Hen: Yami wo Ikiru Shinobu
744,1615,OSTER project: Letzel no Kishi
745,574,Fate/Grand Order: Haishin 5 Shuunen Kinen Animation PV
746,164,Tokyo Ghoul:re
747,147,Mashiro-iro Symphony: The Color of Lovers
748,360,Magical Suite Prism Nana
749,1442,Uchouten Kazoku
750,605,Kangetsu Ittou: Akuryou Kiri
751,204,Spice and Wolf VR
752,841,Crayon Shin-chan Movie 24: Bakusui! Yumemi World Dai Totsugeki
753,367,Imouto Paradise! 2
754,1472,Gu Xiong: Huo Qi
755,25,Bobby ni Kubittake
756,1379,Jinmen Touka
757,402,Zhongguo Qi Tan
758,840,Isekai Izakaya: Koto Aitheria no Izakaya Nobu
759,632,\xe2\x88\x9e
760,829,Bakuten!! Movie
761,304,Seishun no kao
762,683,Negibouzu no Asatarou
763,937,Hentatsu (2019)
764,104,Shi Wan Ge Leng Xiaohua Di 3rd Season
765,633,Getting dressed
766,229,Sprite: Between Two Worlds
767,1189,Mahoutsukai Jiji
768,878,mock
769,279,Hitsugi no Chaika OVA
770,60,Rilu Rilu Fairilu: Mahou no Kagami
771,199,Dongfang Ke Er Zhi Modeng Xue Yuan
772,1434,Xi Yangyang Yu Hui Tailang
773,1022,Kuaile Peng Chacha Zhi Guo Cha Cunzhuang De Mimi
774,1644,Betsu ni Daijoubu desu
775,960,Xing Mao Lixian Ji Zhi Shu Fa Pian
776,1428,Sakura Taisen: Katsudou Shashin
777,1579,TUYU: Kako ni Torawareteiru
778,1608,Naengjanggo Nara Cocomong 2
779,705,Ryoukan-san
780,273,Seer 7
781,1170,Ribbon-chan
782,659,Golden Kamuy 2 OVA
783,1489,The White Moon
784,1499,Rekka no Honoo: Final Burning
785,1210,Melty Lancer
786,118,Di Gi Charat Tsuyu Specials
787,96,Wo Shi Na Zha
788,528,Kosys! Lite: Tsuyoku Suishou Bansaku no Sunglasses - Password Tsukai-mawashi no Jutsu
789,984,Anime Rakugo Kan
790,678,Jeoryeon Juui Sahang
791,1213,Pokemon Diamond & Pearl Atsumare! Pokemon Hoshi Matsuri
792,608,Zhuang Zai Koudai Li De Baba
793,1394,Steins;Gate 0: Kesshou Takei no Valentine\xe2\x80\x99s - Bittersweet Intermedio
794,430,Personal Computer Travel Tanteidan
795,220,Vampire Hunter D (2000)
796,1662,Gamba to Kawauso no Bouken
797,904,Ogaki Matsuri ni Ikou yo!
798,201,RoboDz
799,980,Adachi to Shimamura
800,1517,Tanjou!! KKT21
801,998,Wo Wei Ge Kuang
802,191,Shikoyaka Naru Toki mo Hameru Toki mo
803,712,Baosheng Dadi Zhi Qi Er Duo Bao
804,313,Kisaku Spirit
805,1016,Diabolik Lovers
806,335,Xiao Yanzi
807,1028,Dragon Rider
808,21,Shuten Douji
809,566,Goro-chan
810,166,Tough Guy!
811,74,Ijimekko Ookami to Nana-chan
812,817,Code Geass: Boukoku no Akito 5 - Itoshiki Mono-tachi e Picture Drama
813,672,Sonic the Hedgehog (TV)
814,125,Hinomaru!
815,1126,Tsunagaru Animal
816,215,Kimagure Robot
817,668,Betsuni Daijoubudesu
818,546,Touhou PVD 4
819,400,Toutotsu ni Egypt Shin 2nd Season
820,346,Gakkou no Kowai Uwasa Shin: Hanako-san ga Kita!!
821,1185,Aware! Meisaku-kun (2020)
822,247,Qiang Huo Tian Ling
823,733,Egao no Daika
824,622,Sansha Sanyou OVA mi Houei Episode
825,465,Chan Shuo A Kuan
826,1206,Aftermath
827,1294,Ao no Exorcist: Kuro no Iede
828,962,Niji no Kanata e! Shoujo Diana Monogatari
829,963,Fatal Fury: Legend of the Hungry Wolf
830,194,Yakyuubu Aruaru
831,1329,Gekijouban: Chou Henshin Cosprayers vs Ankoku Uchuu Shougun
832,660,Harukanaru Toki no Naka de: Ajisai Yumegatari
833,243,Crayon Shin-chan Movie 03: Unkokusai no Yabou
834,152,Fairy Tail: Houou no Miko - Hajimari no Asa
835,1204,Ippatsu Hicchuu!! Devander
836,974,Fake Style II
837,142,City Hunter Special: Kinkyuu Namachuukei!? Kyouakuhan Saeba Ryou no Saigo
838,168,Yasai no Yousei: N.Y. Salad The Movie
839,1395,Deca-Dence: Install
840,1596,Tooi Sora
841,576,Qianting Zongdongyuan 2
842,929,Harriet the Spy
843,1205,"Secret Agent, The"
844,56,Pulp Fiction
845,1417,"Turning, The"
846,499,Cat on a Hot Tin Roof
847,554,Waterworld
848,995,"Kiss Me, Guido"
849,391,Last Action Hero
850,1616,Desert Winds
851,252,"Lost World: Jurassic Park, The"
852,1390,"Innocent Sleep, The"
853,136,Mr. Smith Goes to Washington
854,244,Smilla's Sense of Snow
855,1516,"Wedding Gift, The"
856,93,Welcome to the Dollhouse
857,1093,Live Nude Girls
858,855,Diva
859,842,Pollyanna
860,253,"Pillow Book, The"
861,758,Lawnmower Man 2: Beyond Cyberspace
862,496,It's a Wonderful Life
863,1669,MURDER and murder
864,844,Freeway
865,616,Night of the Living Dead
866,1597,Romper Stomper
867,425,Bob Roberts
868,1135,"Doors, The"
869,246,Chasing Amy
870,1493,"Modern Affair, A"
871,838,In the Line of Duty 2
872,1052,Dracula: Dead and Loving It
873,1278,Selena
874,1592,"Magic Hour, The"
875,1094,"Thin Line Between Love and Hate, A"
876,1460,Sleepover
877,492,East of Eden
878,722,Nine Months
879,438,Amityville 3-D
880,1627,"Wife, The"
881,628,Sleepers
882,1430,Ill Gotten Gains
883,1236,"Other Voices, Other Rooms"
884,28,Apollo 13
885,1426,Grace of My Heart
886,107,Moll Flanders
887,726,Fluke
888,179,"Clockwork Orange, A"
889,728,Junior
890,1637,Girls Town
891,1004,Geronimo: An American Legend
892,873,Picture Perfect
893,8,Babe
894,979,"Trigger Effect, The"
895,88,Sleepless in Seattle
896,190,Henry V
897,1505,Killer: A Journal of Murder
898,541,Mortal Kombat
899,397,Striking Distance
900,418,Cinderella
901,1076,"Pagemaster, The"
902,1565,Daens
903,556,Wild Bill
904,24,Rumble in the Bronx
905,661,High Noon
906,434,Forbidden Planet
907,195,"Terminator, The"
908,804,Jimmy Hollywood
909,1005,"Double vie de V\xc3\xa9ronique, La (Double Life of Veronique, The)"
910,113,"Horseman on the Roof, The (Hussard sur le toit, Le)"
911,843,"Shaggy Dog, The"
912,1087,Bloodsport 2
913,1032,Little Big League
914,729,Nell
915,685,Executive Decision
916,416,Old Yeller
917,595,"Fan, The"
918,1663,Nothing Personal
919,1074,Reality Bites
920,269,"Full Monty, The"
921,512,Wings of Desire
922,422,Aladdin and the King of Thieves
923,1595,Shopping
924,1298,"Band Wagon, The"
925,828,Alaska
926,557,Farinelli: il castrato
927,1645,"Butcher Boy, The"
928,755,Jumanji
929,1211,Blue Sky
930,73,Maverick
931,629,Victor/Victoria
932,507,"Streetcar Named Desire, A"
933,448,"Omen, The"
934,415,"Apple Dumpling Gang, The"
935,13,Mighty Aphrodite
936,799,Boys Life
937,1108,Feast of July
938,994,"Last Time I Committed Suicide, The"
939,1226,Night Falls on Manhattan
940,686,"Perfect World, A"
941,944,Renaissance Man
942,1537,Cosi
943,790,Tommy Boy
944,332,Kiss the Girls
945,562,"Quick and the Dead, The"
946,981,Dangerous Ground
947,20,Angels and Insects
948,765,Boomerang
949,524,"Great Dictator, The"
950,778,Don Juan DeMarco
951,518,Miller's Crossing
952,1385,Roseanna's Grave (For Roseanna)
953,396,Serial Mom
954,319,Everyone Says I Love You
955,1095,High School High
956,1519,New Jersey Drive
957,757,Across the Sea of Time
958,833,Bulletproof
959,1169,Fresh
960,489,Notorious
961,679,Conan the Barbarian
962,167,Private Benjamin
963,1063,"Little Princess, A"
964,1224,"Scout, The"
965,957,Pushing Hands
966,1178,Major Payne
967,715,To Die For
968,1177,Dunston Checks In
969,490,To Catch a Thief
970,1218,Friday
971,1674,Mamma Roma
972,1632,Land and Freedom (Tierra y libertad)
973,479,Vertigo
974,933,"Funeral, The"
975,663,Being There
976,1488,Germinal
977,822,Faces
978,1450,Golden Earrings
979,1065,Koyaanisqatsi
980,759,Fair Game
981,285,Secrets & Lies
982,1212,Flesh and Bone
983,1420,Gilligan's Island: The Movie
984,5,Copycat
985,1297,Love Affair
986,603,Rear Window
987,1348,Every Other Weekend
988,533,"Daytrippers, The"
989,27,Bad Boys
990,1180,I Love Trouble
991,807,Poetic Justice
992,1586,Lashou shentan
993,321,Mother
994,1237,Twisted
995,1042,Just Cause
996,764,If Lucy Fell
997,1166,Love & Human Remains
998,72,"Mask, The"
999,1077,Love and a .45
1000,697,"Basketball Diaries, The"
1001,1436,Mr. Jones
1002,1179,Man of the House
1003,354,"Wedding Singer, The"
1004,1629,Nico Icon
1005,839,Loch Ness
1006,216,When Harry Met Sally...
1007,956,Nobody's Fool
1008,1035,Cool Runnings
1009,1603,Angela
1010,573,Body Snatchers
1011,667,Audrey Rose
1012,1233,N\xc3\xa9nette et Boni
1013,67,Ace Ventura: Pet Detective
1014,1387,Fall
1015,924,White Squall
1016,1025,Fire Down Below
1017,1545,Frankie Starlight
1018,1524,Kaspar Hauser
1019,1112,Cobb
1020,414,My Favorite Year
1021,1302,Late Bloomers
1022,1184,"Endless Summer 2, The"
1023,1681,You So Crazy
1024,526,Ben-Hur
1025,1554,Safe Passage
1026,1382,"Bonheur, Le"
1027,543,"Mis\xc3\xa9rables, Les"
1028,903,Afterglow
1029,1543,Johns
1030,1039,Hamlet
1031,802,Hard Target
1032,1623,"C\xc3\xa9r\xc3\xa9monie, La"
1033,226,Die Hard 2
1034,985,Blood & Wine
1035,588,Beauty and the Beast
1036,1335,American Buffalo
1037,1558,Aparajito
1038,896,"Sweet Hereafter, The"
1039,1257,"Designated Mourner, The"
1040,912,U.S. Marshalls
1041,160,Glengarry Glen Ross
1042,1069,Amateur
1043,1413,Street Fighter
1044,1282,"Grass Harp, The"
1045,1352,Shadow of Angels (Schatten der Engel)
1046,124,Lone Star
1047,1280,Gang Related
1048,740,Jane Eyre
1049,410,Kingpin
1050,1015,Shiloh
1051,1268,Bitter Moon
1052,1638,Normal Life
1053,1311,Waiting to Exhale
1054,767,"Addiction, The"
1055,947,"Big Blue, The (Grand bleu, Le)"
1056,815,One Fine Day
1057,272,Good Will Hunting
1058,638,"Return of Martin Guerre, The (Retour de Martin Guerre, Le)"
1059,109,Mystery Science Theater 3000: The Movie
1060,1131,Safe
1061,693,Casino
1062,1276,Sunset Park
1063,225,101 Dalmatians
1064,316,As Good As It Gets
1065,1317,"Journey of August King, The"
1066,40,"To Wong Foo, Thanks for Everything! Julie Newmar"
1067,908,Half Baked
1068,836,Ninotchka
1069,748,"Saint, The"
1070,1457,Love Is All There Is
1071,1251,A Chef in Love
1072,1247,Bad Girls
1073,1088,Double Team
1074,1578,"Collectionneuse, La"
1075,1665,"Brother's Kiss, A"
1076,459,"Cry, the Beloved Country"
1077,1633,\xc3\x81 k\xc3\xb6ldum klaka (Cold Fever)
1078,325,Crash
1079,1567,Careful
1080,1587,Terror in a Texas Town
1081,942,What's Love Got to Do with It
1082,1363,"Leopard Son, The"
1083,1369,"Forbidden Christ, The (Cristo proibito, Il)"
1084,1061,"Evening Star, The"
1085,1532,Foreign Student
1086,458,Nixon
1087,268,Chasing Amy
1088,1053,Now and Then
1089,882,Washington Square
1090,366,Dangerous Minds
1091,209,This Is Spinal Tap
1092,814,"Great Day in Harlem, A"
1093,1511,Children of the Revolution
1094,571,Another Stakeout
1095,327,Cop Land
1096,1038,Switchback
1097,175,Brazil
1098,1174,Caught
1099,602,"American in Paris, An"
1100,777,Castle Freak
1101,1315,Inventing the Abbotts
1102,704,"House of the Spirits, The"
1103,504,Bonnie and Clyde
1104,575,City Slickers II: The Legend of Curly's Gold
1105,946,"Fox and the Hound, The"
1106,1647,Hana-bi
1107,1075,"Man of No Importance, A"
1108,484,"Maltese Falcon, The"
1109,1360,"Sexual Life of the Belgians, The"
1110,1386,Tetsuo II: Body Hammer
1111,1270,Life with Mikey
1112,537,My Own Private Idaho
1113,71,"Lion King, The"
1114,61,Three Colors: White
1115,935,Paradise Road
1116,698,"Browning Version, The"
1117,1258,Trial and Error
1118,982,Maximum Risk
1119,548,"NeverEnding Story III, The"
1120,1602,"Price Above Rubies, A"
1121,909,Dangerous Beauty
1122,177,"Good, The Bad and The Ugly, The"
1123,1438,Panther
1124,503,"Candidate, The"
1125,91,"Nightmare Before Christmas, The"
1126,529,My Life as a Dog (Mitt liv som hund)
1127,358,Spawn
1128,1624,Hush
1129,6,Shanghai Triad (Yao a yao yao dao waipo qiao)
1130,1658,"Substance of Fire, The"
1131,1003,That Darn Cat!
1132,734,Made in America
1133,910,Nil By Mouth
1134,1649,"Big One, The"
1135,669,Body Parts
1136,1501,Prisoner of the Mountains (Kavkazsky Plennik)
1137,934,"Preacher's Wife, The"
1138,816,Candyman: Farewell to the Flesh
1139,1201,Marlene Dietrich: Shadow and Light 
1140,763,Happy Gilmore
1141,296,"Promesse, La"
1142,389,Black Beauty
1143,1134,Get on the Bus
1144,1619,All Things Fair
1145,386,Addams Family Values
1146,1412,Land Before Time III: The Time of the Great Giving (19
1147,10,Richard III
1148,810,"Shadow, The"
1149,1445,Ladybird Ladybird
1150,1041,Forget Paris
1151,953,Unstrung Heroes
1152,862,Jingle All the Way
1153,1132,Feeling Minnesota
1154,564,Tales from the Hood
1155,1581,"Woman in Question, The"
1156,1583,"Invitation, The (Zaproszenie)"
1157,792,Bullets Over Broadway
1158,756,Father of the Bride Part II
1159,450,Star Trek V: The Final Frontier
1160,762,Beautiful Girls
1161,593,Stalingrad
1162,710,Better Off Dead...
1163,1591,Duoluo tianshi
1164,1283,Out to Sea
1165,435,Butch Cassidy and the Sundance Kid
1166,1372,"Stranger, The"
1167,642,"Grifters, The"
1168,1498,Farmer & Chase
1169,917,Mercury Rising
1170,1231,Marked for Death
1171,951,"Indian in the Cupboard, The"
1172,1030,"Beverly Hillbillies, The"
1173,1051,"Associate, The"
1174,613,My Man Godfrey
1175,1208,Kiss of Death
1176,369,Black Sheep
1177,1156,Cyclo
1178,853,Braindead
1179,120,Striptease
1180,1274,Robocop 3
1181,872,Love Jones
1182,205,Patton
1183,341,Critical Care
1184,1477,Nightwatch
1185,486,Sabrina
1186,899,"Winter Guest, The"
1187,347,Wag the Dog
1188,1589,Schizopolis
1189,1289,Jack and Sarah
1190,371,"Bridges of Madison County, The"
1191,33,Desperado
1192,552,Species
1193,1547,"Show, The"
1194,894,Home Alone 3
1195,355,Sphere
1196,463,"Secret of Roan Inish, The"
1197,1343,Lotto Land
1198,494,His Girl Friday
1199,1106,"Newton Boys, The"
1200,1513,Sprung
1201,1143,Hard Eight
1202,362,Blues Brothers 2000
1203,1514,Dream With the Fishes
1204,384,Naked Gun 33 1/3: The Final Insult
1205,475,Trainspotting
1206,1173,Bliss
1207,1097,"Hate (Haine, La)"
1208,1473,"Little Princess, The"
1209,155,Dirty Dancing
1210,1323,"Wooden Man's Bride, The (Wu Kui)"
1211,98,"Silence of the Lambs, The"
1212,1476,Raw Deal
1213,1036,Drop Dead Fred
1214,923,Raise the Red Lantern
1215,1490,Fausto
1216,23,Taxi Driver
1217,1620,"Sixth Man, The"
1218,1018,Tie Me Up! Tie Me Down!
1219,718,In the Bleak Midwinter
1220,727,Immortal Beloved
1221,158,Weekend at Bernie's
1222,476,"First Wives Club, The"
1223,1240,Ghost in the Shell (Kokaku kidotai)
1224,927,"Flower of My Secret, The (Flor de mi secreto, La)"
1225,159,Basic Instinct
1226,1155,"Rendezvous in Paris (Rendez-vous de Paris, Les)"
1227,511,Lawrence of Arabia
1228,516,Local Hero
1229,1164,Zeus and Roxanne
1230,964,"Month by the Lake, A"
1231,925,Unforgettable
1232,544,Things to Do in Denver when You're Dead
1233,1264,Nothing to Lose
1234,617,"Blue Angel, The (Blaue Engel, Der)"
1235,1626,Nobody Loves Me (Keiner liebt mich)
1236,236,Citizen Ruth
1237,1380,Hollow Reed
1238,188,Full Metal Jacket
1239,1054,Mr. Wrong
1240,1585,American Dream
1241,1518,Losing Isaiah
1242,584,"Secret Garden, The"
1243,1421,My Crazy Life (Mi vida loca)
1244,682,I Know What You Did Last Summer
1245,901,Mr. Magoo
1246,251,Shall We Dance?
1247,600,Daniel Defoe's Robinson Crusoe
1248,37,Nadja
1249,858,Amityville: Dollhouse
1250,342,"Man Who Knew Too Little, The"
1251,1223,King of the Hill
1252,708,"Sex, Lies, and Videotape"
1253,329,Desperate Measures
1254,1002,"Pest, The"
1255,1393,Stag
1256,926,Down Periscope
1257,1402,"Ciao, Professore!"
1258,233,Under Siege
1259,680,Kull the Conqueror
1260,1140,"Road to Wellville, The"
1261,845,That Thing You Do!
1262,921,Farewell My Concubine
1263,991,Keys to Tulsa
1264,1084,Anne Frank Remembered
1265,560,"Kid in King Arthur's Court, A"
1266,907,Vermin
1267,677,Fire on the Mountain
1268,596,"Hunchback of Notre Dame, The"
1269,555,White Man's Burden
1270,1011,2 Days in the Valley
1271,82,Jurassic Park
1272,1397,Of Human Bondage
1273,377,Heavyweights
1274,1181,"Low Down Dirty Shame, A"
1275,1642,Some Mother's Son
1276,761,Nick of Time
1277,318,Schindler's List
1278,656,M
1279,350,Fallen
1280,1487,Even Cowgirls Get the Blues
1281,1673,Mirage
1282,1007,Waiting for Guffman
1283,1468,"Cure, The"
1284,146,Unhook the Stars
1285,78,Free Willy
1286,1267,Clockers
1287,1321,Open Season
1288,1089,Speed 2: Cruise Control
1289,795,Richie Rich
1290,1299,Penny Serenade
1291,1535,"Enfer, L'"
1292,1419,Highlander III: The Sorcerer
1293,730,"Queen Margot (Reine Margot, La)"
1294,1540,"Amazing Panda Adventure, The"
1295,1605,Love Serenade
1296,972,Passion Fish
1297,1471,Hideaway
1298,540,Money Train
1299,30,Belle de jour
1300,1272,Talking About Sex
1301,1172,"Women, The"
1302,1631,"Slingshot, The"
1303,1355,Infinity
1304,971,Mediterraneo
1305,791,"Baby-Sitters Club, The"
1306,1293,Star Kid
1307,1314,Surviving the Game
1308,1182,Cops and Robbersons
1309,742,Ransom
1310,1000,Lightning Jack
1311,1593,Death in Brunswick
1312,137,Big Night
1313,426,"Transformers: The Movie, The"
1314,1012,Private Parts
1315,211,M*A*S*H
1316,1050,"Ghost and Mrs. Muir, The"
1317,1058,"War, The"
1318,1409,"Swan Princess, The"
1319,437,Amityville 1992: It's About Time
1320,1349,Mille bolle blu
1321,238,Raising Arizona
1322,587,"Hour of the Pig, The"
1323,462,Like Water For Chocolate (Como agua para chocolate)
1324,1358,The Deadly Cure
1325,531,Shine
1326,349,Hard Rain
1327,1588,Salut cousin!
1328,453,Jaws 3-D
1329,330,187
1330,920,Two Bits
1331,1279,Wild America
1332,1525,"Object of My Affection, The"
1333,746,Real Genius
1334,487,Roman Holiday
1335,747,Benny & Joon
1336,210,Indiana Jones and the Last Crusade
1337,520,"Great Escape, The"
1338,1675,"Sunchaser, The"
1339,1263,Foxfire
1340,12,"Usual Suspects, The"
1341,292,Rosewood
1342,1029,Jury Duty
1343,1433,Men of Means
1344,115,"Haunted World of Edward D. Wood Jr., The"
1345,1159,Stalker
1346,572,Blown Away
1347,1560,Clean Slate (Coup de Torchon)
1348,1356,Ed's Next Move
1349,1654,Chairman of the Board
1350,768,Casper
1351,1199,Cemetery Man (Dellamorte Dellamore)
1352,803,Heaven & Earth
1353,553,"Walk in the Clouds, A"
1354,1070,Living in Oblivion
1355,1098,Flirting With Disaster
1356,1082,Female Perversions
1357,886,"Life Less Ordinary, A"
1358,1563,"Promise, The (Versprechen, Das)"
1359,333,"Game, The"
1360,101,Heavy Metal
1361,885,Phantoms
1362,590,Hellraiser: Bloodline
1363,865,"Ice Storm, The"
1364,1,Toy Story
1365,774,"Prophecy, The"
1366,1481,S.F.W.
1367,250,"Fifth Element, The"
1368,452,Jaws 2
1369,930,Chain Reaction
1370,300,Air Force One
1371,412,"Very Brady Sequel, A"
1372,79,"Fugitive, The"
1373,1137,Beautiful Thing
1374,1138,Best Men
1375,373,Judge Dredd
1376,1357,For the Moment
1377,997,Stuart Saves His Family
1378,150,Swingers
1379,1497,"Line King: Al Hirschfeld, The"
1380,1013,Anaconda
1381,864,My Fellow Americans
1382,725,Exit to Eden
1383,702,Barcelona
1384,1429,Sliding Doors
1385,34,"Doom Generation, The"
1386,955,Before Sunrise
1387,1150,Last Dance
1388,1341,Hedd Wyn
1389,519,"Treasure of the Sierra Madre, The"
1390,509,My Left Foot
1391,1154,Alphaville
1392,1614,"Reluctant Debutante, The"
1393,1437,House Party 3
1394,217,Bram Stoker's Dracula
1395,819,Eddie
1396,1009,Stealing Beauty
1397,364,Ace Ventura: When Nature Calls
1398,478,"Philadelphia Story, The"
1399,992,Head Above Water
1400,749,"MatchMaker, The"
1401,1371,"Machine, The"
1402,43,Disclosure
1403,1618,King of New York
1404,3,Four Rooms
1405,148,"Ghost and the Darkness, The"
1406,1238,Full Speed
1407,232,Young Guns
1408,1373,Good Morning
1409,515,"Boot, Das"
1410,206,Akira
1411,1287,Ed
1412,17,From Dusk Till Dawn
1413,1217,Assassins
1414,44,Dolores Claiborne
1415,189,"Grand Day Out, A"
1416,577,Coneheads
1417,880,Soul Food
1418,455,Jackie Chan's First Strike
1419,943,Killing Zoe
1420,1221,When a Man Loves a Woman
1421,1391,For Ever Mozart
1422,1606,Deceiver
1423,1020,Gaslight
1424,1491,Tough and Deadly
1425,650,"Seventh Seal, The (Sjunde inseglet, Det)"
1426,1576,"Hungarian Fairy Tale, A"
1427,570,Wyatt Earp
1428,222,Star Trek: First Contact
1429,1080,Celestial Clockwork
1430,68,"Crow, The"
1431,986,Turbulence
1432,1549,Dream Man
1433,1431,Legal Deceit
1434,1147,My Family
1435,892,Flubber
1436,378,Miracle on 34th Street
1437,868,Hearts and Minds
1438,1653,Entertaining Angels: The Dorothy Day Story
1439,1646,Men With Guns
1440,973,Grateful Dead
1441,837,Meet John Doe
1442,1118,Up in Smoke
1443,472,Dragonheart
1444,954,Unzipped
1445,1561,Tigrero: A Film That Was Never Made
1446,411,"Nutty Professor, The"
1447,1526,Witness
1448,89,Blade Runner
1449,1388,Gabbeh
1450,976,Solo
1451,441,"Amityville Horror, The"
1452,483,Casablanca
1453,1024,Mrs. Dalloway
1454,331,"Edge, The"
1455,1347,"Ballad of Narayama, The (Narayama Bushiko)"
1456,1439,Jason's Lyric
1457,887,Eve's Bayou
1458,50,Star Wars
1459,1401,M. Butterfly
1460,711,"Substance of Fire, The"
1461,1232,Madonna: Truth or Dare
1462,513,"Third Man, The"
1463,235,Mars Attacks!
1464,551,Lord of Illusions
1465,891,Bent
1466,1256,"Designated Mourner, The"
1467,1288,Denise Calls Up
1468,267,
1469,1034,"Quest, The"
1470,280,Up Close and Personal
1471,1381,Losing Chase
1472,1008,I Shot Andy Warhol
1473,959,Dazed and Confused
1474,1021,8 1/2
1475,532,Kama Sutra: A Tale of Love
1476,277,Restoration
1477,824,"Great White Hype, The"
1478,182,GoodFellas
1479,744,Michael Collins
1480,493,"Thin Man, The"
1481,618,Picnic
1482,375,Showgirls
1483,276,Leaving Las Vegas
1484,374,Mighty Morphin Power Rangers: The Movie
1485,948,Booty Call
1486,482,Some Like It Hot
1487,654,Chinatown
1488,126,"Spitfire Grill, The"
1489,380,Star Trek: Generations
1490,1396,Stonewall
1491,271,Starship Troopers
1492,356,"Client, The"
1493,130,Kansas City
1494,830,Power 98
1495,110,Operation Dumbo Drop
1496,928,"Craft, The"
1497,1142,When We Were Kings
1498,1092,Dear God
1499,1403,Caro Diario (Dear Diary)
1500,1671,"Further Gesture, A"
1501,651,Glory
1502,854,Bad Taste
1503,144,Die Hard
1504,1378,Rhyme & Reason
1505,1566,"Man from Down Under, The"
1506,1167,"Sum of Us, The"
1507,1171,Wild Reeds
1508,871,Vegas Vacation
1509,234,Jaws
1510,779,Drop Zone
1511,905,Great Expectations
1512,1292,"Simple Wish, A"
1513,81,"Hudsucker Proxy, The"
1514,736,Shadowlands
1515,1059,Don't Be a Menace to South Central While Drinking Your Juice in the Hood
1516,202,Groundhog Day
1517,1418,"Joy Luck Club, The"
1518,7,Twelve Monkeys
1519,825,"Arrival, The"
1520,466,Red Rock West
1521,1332,My Life and Times With Antonin Artaud (En compagnie d'Antonin Artaud)
1522,1116,"Mark of Zorro, The"
1523,328,Conspiracy Theory
1524,1569,"Vie est belle, La (Life is Rosey)"
1525,1668,Wedding Bell Blues
1526,949,How to Make an American Quilt
1527,444,"Blob, The"
1528,611,Laura
1529,161,Top Gun
1530,127,"Godfather, The"
1531,1313,Palmetto
1532,1316,"Horse Whisperer, The"
1533,289,Evita
1534,990,Anna Karenina
1535,264,Mimic
1536,1374,Falling in Love Again
1537,989,Cats Don't Dance
1538,1392,"Locusts, The"
1539,1300,'Til There Was You
1540,87,Searching for Bobby Fischer
1541,1590,"To Have, or Not"
1542,781,French Kiss
1543,173,"Princess Bride, The"
1544,385,True Lies
1545,1672,Kika
1546,308,FairyTale: A True Story
1547,460,"Crossing Guard, The"
1548,1222,Judgment Night
1549,1334,Somebody to Love
1550,869,Fools Rush In
1551,890,Mortal Kombat: Annihilation
1552,852,"Bloody Child, The"
1553,312,Midnight in the Garden of Good and Evil
1554,941,With Honors
1555,1056,Cronos
1556,1318,Catwalk
1557,1678,Mat' i syn
1558,224,Ridicule
1559,198,Nikita (La Femme Nikita)
1560,808,"Program, The"
1561,337,"House of Yes, The"
1562,500,Fly Away Home
1563,100,Fargo
1564,1467,"Saint of Fort Washington, The"
1565,525,"Big Sleep, The"
1566,92,True Romance
1567,1006,Until the End of the World (Bis ans Ende der Welt)
1568,1202,"Maybe, Maybe Not (Bewegte Mann, Der)"
1569,968,"Inspector General, The"
1570,1168,Little Buddha
1571,114,Wallace & Gromit: The Best of Aardman Animation
1572,821,Mrs. Winterbourne
1573,772,Kids
1574,1286,Shall We Dance?
1575,900,Kundun
1576,1183,"Cowboy Way, The"
1577,720,First Knight
1578,568,Speed
1579,539,Mouse Hunt
1580,859,April Fool's Day
1581,692,"American President, The"
1582,266,Kull the Conqueror
1583,485,My Fair Lady
1584,1175,Hugo Pool
1585,931,"Island of Dr. Moreau, The"
1586,11,Seven (Se7en)
1587,703,Widows' Peak
1588,1451,Foreign Correspondent
1589,699,Little Women
1590,696,City Hall
1591,1215,Barb Wire
1592,1340,"Crude Oasis, The"
1593,1151,Original Gangstas
1594,916,Lost in Space
1595,288,Scream
1596,1017,Trees Lounge
1597,1465,Last Summer in the Hamptons
1598,275,Sense and Sensibility
1599,731,"Corrina, Corrina"
1600,1109,Death and the Maiden
1601,874,Career Girls
1602,578,Demolition Man
1603,433,Heathers
1604,1536,Aiqing wansui
1605,637,"Howling, The"
1606,700,Miami Rhapsody
1607,1657,Target
1608,789,Swimming with Sharks
1609,368,Bio-Dome
1610,1528,Nowhere
1611,1621,Butterfly Kiss
1612,684,In the Line of Fire
1613,436,"American Werewolf in London, An"
1614,149,Jude
1615,1456,Beat the Devil
1616,1103,Trust
1617,770,Devil in a Blue Dress
1618,1441,Moonlight and Valentino
1619,589,"Wild Bunch, The"
1620,1117,Surviving Picasso
1621,1266,Bread and Chocolate (Pane e cioccolata)
1622,447,Carrie
1623,932,First Kid
1624,456,Beverly Hills Ninja
1625,1574,Pharaoh's Army
1626,1612,"Leading Man, The"
1627,122,"Cable Guy, The"
1628,298,Face/Off
1629,123,"Frighteners, The"
1630,305,"Ice Storm, The"
1631,1043,Rent-a-Kid
1632,1455,"Outlaw, The"
1633,634,Microcosmos: Le peuple de l'herbe
1634,760,Screamers
1635,392,"Man Without a Face, The"
1636,798,Bad Company
1637,326,G.I. Jane
1638,26,"Brothers McMullen, The"
1639,1500,Santa with Muscles
1640,783,Milk Money
1641,1310,"Walk in the Sun, A"
1642,1219,"Goofy Movie, A"
1643,1640,"Eighth Day, The"
1644,1364,Bird of Prey
1645,45,Eat Drink Man Woman
1646,261,Air Bud
1647,4,Get Shorty
1648,66,While You Were Sleeping
1649,940,Airheads
1650,1144,"Quiet Room, The"
1651,75,Brother Minister: The Assassination of Malcolm X
1652,1515,Wings of Courage
1653,311,"Wings of the Dove, The"
1654,1203,Top Hat
1655,90,So I Married an Axe Murderer
1656,245,"Devil's Own, The"
1657,1244,Metro
1658,1230,Ready to Wear (Pret-A-Porter)
1659,1383,"Second Jungle Book: Mowgli & Baloo, The"
1660,1512,"World of Apu, The (Apur Sansar)"
1661,249,Austin Powers: International Man of Mystery
1662,766,Man of the Year
1663,1229,Poison Ivy II
1664,281,"River Wild, The"
1665,370,Mary Reilly
1666,1227,"Awfully Big Adventure, An"
1667,1496,Carpool
1668,861,Nosferatu a Venezia
1669,623,Angels in the Outfield
1670,64,"Shawshank Redemption, The"
1671,176,Aliens
1672,1064,Crossfire
1673,856,Night on Earth
1674,863,"Garden of Finzi-Contini, The (Giardino dei Finzi-Contini, Il)"
1675,506,Rebel Without a Cause
1676,521,"Deer Hunter, The"
1677,670,Body Snatchers
1678,536,Ponette
1679,1664,8 Heads in a Duffel Bag
1680,709,Strictly Ballroom
1681,599,Police Story 4: Project S (Chao ji ji hua)
1682,119,Maya Lin: A Strong Clear Vision
