b'1681',b'You So Crazy (1994)'
b'1457',b'Love Is All There Is (1996)'
b'500',b'Fly Away Home (1996)'
b'838',b'In the Line of Duty 2 (1987)'
b'1648',"b'Niagara, Niagara (1997)'"
b'547',"b""Young Poisoner's Handbook, The (1995)"""
b'387',"b'Age of Innocence, The (1993)'"
b'1495',b'Flirt (1995)'
b'817',b'Frisk (1995)'
b'267',b'unknown'
b'1637',b'Girls Town (1996)'
b'1396',b'Stonewall (1995)'
b'498',"b'African Queen, The (1951)'"
b'852',"b'Bloody Child, The (1996)'"
b'685',b'Executive Decision (1996)'
b'231',b'Batman Returns (1992)'
b'719',b'Canadian Bacon (1994)'
b'308',b'FairyTale: A True Story (1997)'
b'445',"b'Body Snatcher, The (1945)'"
b'486',b'Sabrina (1954)'
b'355',b'Sphere (1998)'
b'1592',"b'Magic Hour, The (1998)'"
b'923',b'Raise the Red Lantern (1991)'
b'1033',b'Homeward Bound II: Lost in San Francisco (1996)'
b'248',b'Grosse Pointe Blank (1997)'
b'244',"b""Smilla's Sense of Snow (1997)"""
b'1285',b'Princess Caraboo (1994)'
b'512',b'Wings of Desire (1987)'
b'1578',"b'Collectionneuse, La (1967)'"
b'40',"b'To Wong Foo, Thanks for Everything! Julie Newmar (1995)'"
b'1031',b'Lassie (1994)'
b'1546',b'Shadows (Cienie) (1988)'
b'1541',"b'Beans of Egypt, Maine, The (1994)'"
b'543',"b'Mis\xc3\xa9rables, Les (1995)'"
b'1479',b'Reckless (1995)'
b'1518',b'Losing Isaiah (1995)'
b'1347',"b'Ballad of Narayama, The (Narayama Bushiko) (1958)'"
b'637',"b'Howling, The (1981)'"
b'896',"b'Sweet Hereafter, The (1997)'"
b'1405',"b""Boy's Life 2 (1997)"""
b'447',b'Carrie (1976)'
b'1669',b'MURDER and murder (1996)'
b'629',b'Victor/Victoria (1982)'
b'760',b'Screamers (1995)'
b'920',b'Two Bits (1995)'
b'1527',b'Senseless (1998)'
b'981',b'Dangerous Ground (1997)'
b'1093',b'Live Nude Girls (1995)'
b'1323',"b""Wooden Man's Bride, The (Wu Kui) (1994)"""
b'539',b'Mouse Hunt (1997)'
b'647',b'Ran (1985)'
b'1588',b'Salut cousin! (1996)'
b'1165',b'Big Bully (1996)'
b'434',b'Forbidden Planet (1956)'
b'136',b'Mr. Smith Goes to Washington (1939)'
b'180',b'Apocalypse Now (1979)'
b'614',b'Giant (1956)'
b'1328',b'Of Love and Shadows (1994)'
b'56',b'Pulp Fiction (1994)'
b'907',b'Vermin (1998)'
b'144',b'Die Hard (1988)'
b'720',b'First Knight (1995)'
b'29',b'Batman Forever (1995)'
b'1494',"b'Mostro, Il (1994)'"
b'1583',"b'Invitation, The (Zaproszenie) (1986)'"
b'958',b'To Live (Huozhe) (1994)'
b'151',b'Willy Wonka and the Chocolate Factory (1971)'
b'992',b'Head Above Water (1996)'
b'290',b'Fierce Creatures (1997)'
b'201',b'Evil Dead II (1987)'
b'254',b'Batman & Robin (1997)'
b'65',"b""What's Eating Gilbert Grape (1993)"""
b'655',b'Stand by Me (1986)'
b'784',b'Beyond Bedlam (1993)'
b'1114',b'Faithful (1996)'
b'980',b'Mother Night (1996)'
b'1409',"b'Swan Princess, The (1994)'"
b'262',b'In the Company of Men (1997)'
b'283',b'Emma (1996)'
b'903',b'Afterglow (1997)'
b'861',b'Nosferatu a Venezia (1986)'
b'1389',b'Mondo (1996)'
b'1139',b'Hackers (1995)'
b'1266',b'Bread and Chocolate (Pane e cioccolata) (1973)'
b'626',b'So Dear to My Heart (1949)'
b'91',"b'Nightmare Before Christmas, The (1993)'"
b'291',b'Absolute Power (1997)'
b'82',b'Jurassic Park (1993)'
b'380',b'Star Trek: Generations (1994)'
b'1415',"b'Next Karate Kid, The (1994)'"
b'1454',b'Angel and the Badman (1947)'
b'1115',b'Twelfth Night (1996)'
b'752',"b'Replacement Killers, The (1998)'"
b'1463',"b'Boys, Les (1997)'"
b'1313',b'Palmetto (1998)'
b'1315',b'Inventing the Abbotts (1997)'
b'960',b'Naked (1993)'
b'1179',b'Man of the House (1995)'
b'230',b'Star Trek IV: The Voyage Home (1986)'
b'528',"b'Killing Fields, The (1984)'"
b'1089',b'Speed 2: Cruise Control (1997)'
b'496',"b""It's a Wonderful Life (1946)"""
b'1320',b'Homage (1995)'
b'1504',"b'Bewegte Mann, Der (1994)'"
b'1549',b'Dream Man (1995)'
b'550',b'Die Hard: With a Vengeance (1995)'
b'1014',"b""Romy and Michele's High School Reunion (1997)"""
b'238',b'Raising Arizona (1987)'
b'1075',"b'Man of No Importance, A (1994)'"
b'317',b'In the Name of the Father (1993)'
b'658',b'Pump Up the Volume (1990)'
b'1423',"b'Walking Dead, The (1995)'"
b'1473',"b'Little Princess, The (1939)'"
b'7',b'Twelve Monkeys (1995)'
b'588',b'Beauty and the Beast (1991)'
b'1245',"b""Gridlock'd (1997)"""
b'1243',b'Night Flier (1997)'
b'1314',b'Surviving the Game (1994)'
b'847',b'Looking for Richard (1996)'
b'954',b'Unzipped (1995)'
b'123',"b'Frighteners, The (1996)'"
b'1662',b'Rough Magic (1995)'
b'597',b'Eraser (1996)'
b'51',b'Legends of the Fall (1994)'
b'1307',b'Carmen Miranda: Bananas Is My Business (1994)'
b'1096',b'Commandments (1997)'
b'48',b'Hoop Dreams (1994)'
b'991',b'Keys to Tulsa (1997)'
b'879',"b'Peacemaker, The (1997)'"
b'1465',b'Last Summer in the Hamptons (1995)'
b'1090',b'Sliver (1993)'
b'1366',b'JLG/JLG - autoportrait de d\xc3\xa9cembre (1994)'
b'1388',b'Gabbeh (1996)'
b'148',"b'Ghost and the Darkness, The (1996)'"
b'808',"b'Program, The (1993)'"
b'668',b'Blood Beach (1981)'
b'1610',"b'Truth or Consequences, N.M. (1997)'"
b'34',"b'Doom Generation, The (1995)'"
b'660',b'Fried Green Tomatoes (1991)'
b'295',b'Breakdown (1997)'
b'962',b'Ruby in Paradise (1993)'
b'586',b'Terminal Velocity (1994)'
b'1572',"b""Wend Kuuni (God's Gift) (1982)"""
b'677',b'Fire on the Mountain (1996)'
b'880',b'Soul Food (1997)'
b'241',"b'Last of the Mohicans, The (1992)'"
b'505',b'Dial M for Murder (1954)'
b'1364',b'Bird of Prey (1996)'
b'202',b'Groundhog Day (1993)'
b'1158',"b'Fille seule, La (A Single Girl) (1995)'"
b'1046',b'Malice (1993)'
b'1350',b'Crows and Sparrows (1949)'
b'974',b'Eye for an Eye (1996)'
b'1565',b'Daens (1992)'
b'1429',b'Sliding Doors (1998)'
b'1532',b'Foreign Student (1994)'
b'915',b'Primary Colors (1998)'
b'17',b'From Dusk Till Dawn (1996)'
b'1109',b'Death and the Maiden (1994)'
b'312',b'Midnight in the Garden of Good and Evil (1997)'
b'1357',b'For the Moment (1994)'
b'882',b'Washington Square (1997)'
b'464',b'Vanya on 42nd Street (1994)'
b'778',b'Don Juan DeMarco (1995)'
b'41',b'Billy Madison (1995)'
b'1333',b'Midnight Dancers (Sibak) (1994)'
b'1322',b'Metisse (Caf\xc3\xa9 au Lait) (1993)'
b'860',"b'Believers, The (1987)'"
b'1231',b'Marked for Death (1990)'
b'20',b'Angels and Insects (1995)'
b'661',b'High Noon (1952)'
b'1186',"b'Inkwell, The (1994)'"
b'1361',"b'Search for One-eye Jimmy, The (1996)'"
b'1104',"b""C'est arriv\xc3\xa9 pr\xc3\xa8s de chez vous (1992)"""
b'294',b'Liar Liar (1997)'
b'1140',"b'Road to Wellville, The (1994)'"
b'301',b'In & Out (1997)'
b'1512',"b'World of Apu, The (Apur Sansar) (1959)'"
b'1077',b'Love and a .45 (1994)'
b'1236',"b'Other Voices, Other Rooms (1997)'"
b'1283',b'Out to Sea (1997)'
b'205',b'Patton (1970)'
b'1076',"b'Pagemaster, The (1994)'"
b'483',b'Casablanca (1942)'
b'1025',b'Fire Down Below (1997)'
b'1054',b'Mr. Wrong (1996)'
b'1189',b'Prefontaine (1997)'
b'192',b'Raging Bull (1980)'
b'431',b'Highlander (1986)'
b'1455',"b'Outlaw, The (1943)'"
b'688',b'Leave It to Beaver (1997)'
b'587',"b'Hour of the Pig, The (1993)'"
b'479',b'Vertigo (1958)'
b'428',b'Harold and Maude (1971)'
b'673',b'Cape Fear (1962)'
b'662',b'Somewhere in Time (1980)'
b'1011',b'2 Days in the Valley (1996)'
b'1497',"b'Line King: Al Hirschfeld, The (1996)'"
b'912',b'U.S. Marshalls (1998)'
b'1205',"b'Secret Agent, The (1996)'"
b'1230',b'Ready to Wear (Pret-A-Porter) (1994)'
b'1069',b'Amateur (1994)'
b'814',"b'Great Day in Harlem, A (1994)'"
b'1598',b'City of Industry (1997)'
b'1682',b'Scream of Stone (Schrei aus Stein) (1991)'
b'692',"b'American President, The (1995)'"
b'13',b'Mighty Aphrodite (1995)'
b'1067',b'Bottle Rocket (1996)'
b'418',b'Cinderella (1950)'
b'105',b'Sgt. Bilko (1996)'
b'948',b'Booty Call (1997)'
b'987',b'Underworld (1997)'
b'217',"b""Bram Stoker's Dracula (1992)"""
b'1159',b'Stalker (1979)'
b'702',b'Barcelona (1994)'
b'878',b'That Darn Cat! (1997)'
b'1665',"b""Brother's Kiss, A (1997)"""
b'531',b'Shine (1996)'
b'979',"b'Trigger Effect, The (1996)'"
b'1426',b'Grace of My Heart (1996)'
b'1370',"b""I Can't Sleep (J'ai pas sommeil) (1994)"""
b'1210',b'Virtuosity (1995)'
b'1083',b'Albino Alligator (1996)'
b'594',b'Heavy (1995)'
b'1273',b'Color of Night (1994)'
b'1544',b'It Takes Two (1995)'
b'106',b'Diabolique (1996)'
b'686',"b'Perfect World, A (1993)'"
b'189',"b'Grand Day Out, A (1992)'"
b'1398',b'Anna (1996)'
b'176',b'Aliens (1986)'
b'549',b'Rob Roy (1995)'
b'1251',b'A Chef in Love (1996)'
b'1201',b'Marlene Dietrich: Shadow and Light (1996) '
b'1645',"b'Butcher Boy, The (1998)'"
b'125',b'Phenomenon (1996)'
b'1460',b'Sleepover (1995)'
b'1335',b'American Buffalo (1996)'
b'1436',b'Mr. Jones (1993)'
b'1386',b'Tetsuo II: Body Hammer (1992)'
b'164',"b'Abyss, The (1989)'"
b'488',b'Sunset Blvd. (1950)'
b'816',b'Candyman: Farewell to the Flesh (1995)'
b'744',b'Michael Collins (1996)'
b'1484',"b'Jerky Boys, The (1994)'"
b'414',b'My Favorite Year (1982)'
b'327',b'Cop Land (1997)'
b'1103',b'Trust (1990)'
b'1304',b'New York Cop (1996)'
b'821',b'Mrs. Winterbourne (1996)'
b'983',"b""Rich Man's Wife, The (1996)"""
b'1290',b'Country Life (1994)'
b'1603',b'Angela (1995)'
b'1566',"b'Man from Down Under, The (1943)'"
b'887',"b""Eve's Bayou (1997)"""
b'210',b'Indiana Jones and the Last Crusade (1989)'
b'1365',b'Johnny 100 Pesos (1993)'
b'381',"b""Muriel's Wedding (1994)"""
b'417',"b'Parent Trap, The (1961)'"
b'1540',"b'Amazing Panda Adventure, The (1995)'"
b'1474',b'Nina Takes a Lover (1994)'
b'809',b'Rising Sun (1993)'
b'335',b'How to Be a Player (1997)'
b'365',b'Powder (1995)'
b'906',b'Oscar & Lucinda (1997)'
b'631',"b'Crying Game, The (1992)'"
b'1233',b'N\xc3\xa9nette et Boni (1996)'
b'233',b'Under Siege (1992)'
b'216',b'When Harry Met Sally... (1989)'
b'1036',b'Drop Dead Fred (1991)'
b'358',b'Spawn (1997)'
b'524',"b'Great Dictator, The (1940)'"
b'624',"b'Three Caballeros, The (1945)'"
b'1198',b'Purple Noon (1960)'
b'474',b'Dr. Strangelove or: How I Learned to Stop Worrying and Love the Bomb (1963)'
b'207',b'Cyrano de Bergerac (1990)'
b'153',"b'Fish Called Wanda, A (1988)'"
b'393',b'Mrs. Doubtfire (1993)'
b'941',b'With Honors (1994)'
b'1458',"b'Damsel in Distress, A (1937)'"
b'770',b'Devil in a Blue Dress (1995)'
b'854',b'Bad Taste (1987)'
b'132',"b'Wizard of Oz, The (1939)'"
b'892',b'Flubber (1997)'
b'1659',b'Getting Away With Murder (1996)'
b'717',"b'Juror, The (1996)'"
b'822',b'Faces (1968)'
b'1492',b'Window to Paris (1994)'
b'1292',"b'Simple Wish, A (1997)'"
b'1521',b'Mr. Wonderful (1993)'
b'664',"b'Paris, Texas (1984)'"
b'530',"b'Man Who Would Be King, The (1975)'"
b'540',b'Money Train (1995)'
b'844',b'Freeway (1996)'
b'1039',b'Hamlet (1996)'
b'1177',b'Dunston Checks In (1996)'
b'389',b'Black Beauty (1994)'
b'1208',b'Kiss of Death (1995)'
b'334',b'U Turn (1997)'
b'994',"b'Last Time I Committed Suicide, The (1997)'"
b'1098',b'Flirting With Disaster (1996)'
b'146',b'Unhook the Stars (1996)'
b'1271',b'North (1994)'
b'1277',b'Set It Off (1996)'
b'15',"b""Mr. Holland's Opus (1995)"""
b'147',"b'Long Kiss Goodnight, The (1996)'"
b'186',"b'Blues Brothers, The (1980)'"
b'1671',"b'Further Gesture, A (1996)'"
b'1359',b'Boys in Venice (1996)'
b'793',b'Crooklyn (1994)'
b'1190',b'That Old Feeling (1997)'
b'1242',"b'Old Lady Who Walked in the Sea, The (Vieille qui marchait dans la mer, La) (1991)'"
b'1590',"b'To Have, or Not (1995)'"
b'1471',b'Hideaway (1995)'
b'968',"b'Inspector General, The (1949)'"
b'937',"b'Thousand Acres, A (1997)'"
b'1211',b'Blue Sky (1994)'
b'748',"b'Saint, The (1997)'"
b'807',b'Poetic Justice (1993)'
b'1352',b'Shadow of Angels (Schatten der Engel) (1976)'
b'645',b'Paris Is Burning (1990)'
b'1594',b'Everest (1998)'
b'1424',b'I Like It Like That (1994)'
b'411',"b'Nutty Professor, The (1996)'"
b'1071',b'Party Girl (1995)'
b'724',b'Circle of Friends (1995)'
b'914',b'Wild Things (1998)'
b'1643',b'Angel Baby (1995)'
b'769',b'Congo (1995)'
b'1137',b'Beautiful Thing (1996)'
b'26',"b'Brothers McMullen, The (1995)'"
b'1356',"b""Ed's Next Move (1996)"""
b'433',b'Heathers (1989)'
b'1246',b'Bushwhacked (1995)'
b'388',b'Beverly Hills Cop III (1994)'
b'865',"b'Ice Storm, The (1997)'"
b'1121',"b'Umbrellas of Cherbourg, The (Parapluies de Cherbourg, Les) (1964)'"
b'697',"b'Basketball Diaries, The (1995)'"
b'618',b'Picnic (1955)'
b'1644',b'Sudden Manhattan (1996)'
b'237',b'Jerry Maguire (1996)'
b'1216',b'Kissed (1996)'
b'1312',"b'Pompatus of Love, The (1996)'"
b'1116',"b'Mark of Zorro, The (1940)'"
b'1395',b'Hurricane Streets (1998)'
b'142',b'Bedknobs and Broomsticks (1971)'
b'799',b'Boys Life (1995)'
b'188',b'Full Metal Jacket (1987)'
b'263',b'Steel (1997)'
b'92',b'True Romance (1993)'
b'1221',b'When a Man Loves a Woman (1994)'
b'921',b'Farewell My Concubine (1993)'
b'68',"b'Crow, The (1994)'"
b'1094',"b'Thin Line Between Love and Hate, A (1996)'"
b'848',"b'Murder, My Sweet (1944)'"
b'1209',b'Mixed Nuts (1994)'
b'256',b'When the Cats Away (Chacun cherche son chat) (1996)'
b'184',b'Army of Darkness (1993)'
b'60',b'Three Colors: Blue (1993)'
b'78',b'Free Willy (1993)'
b'734',b'Made in America (1993)'
b'173',"b'Princess Bride, The (1987)'"
b'371',"b'Bridges of Madison County, The (1995)'"
b'993',b'Hercules (1997)'
b'473',b'James and the Giant Peach (1996)'
b'453',b'Jaws 3-D (1983)'
b'178',b'12 Angry Men (1957)'
b'1346',b'Dingo (1992)'
b'1170',b'Spanking the Monkey (1994)'
b'675',"b'Nosferatu (Nosferatu, eine Symphonie des Grauens) (1922)'"
b'935',b'Paradise Road (1997)'
b'206',b'Akira (1988)'
b'682',b'I Know What You Did Last Summer (1997)'
b'768',b'Casper (1995)'
b'1422',b'Suture (1993)'
b'454',b'Bastard Out of Carolina (1996)'
b'930',b'Chain Reaction (1996)'
b'1224',"b'Scout, The (1994)'"
b'1563',"b'Promise, The (Versprechen, Das) (1994)'"
b'621',"b'Davy Crockett, King of the Wild Frontier (1955)'"
b'80',b'Hot Shots! Part Deux (1993)'
b'1670',b'Tainted (1998)'
b'676',"b'Crucible, The (1996)'"
b'1372',"b'Stranger, The (1994)'"
b'714',b'Carrington (1995)'
b'177',"b'Good, The Bad and The Ugly, The (1966)'"
b'1073',b'Shallow Grave (1994)'
b'1119',b'Some Kind of Wonderful (1987)'
b'1538',b'All Over Me (1997)'
b'1461',b'Here Comes Cookie (1935)'
b'211',b'M*A*S*H (1970)'
b'1240',b'Ghost in the Shell (Kokaku kidotai) (1995)'
b'805',b'Manhattan Murder Mystery (1993)'
b'1596',b'Nemesis 2: Nebula (1995)'
b'1447',b'Century (1993)'
b'1619',b'All Things Fair (1996)'
b'115',"b'Haunted World of Edward D. Wood Jr., The (1995)'"
b'1008',b'I Shot Andy Warhol (1996)'
b'111',"b'Truth About Cats & Dogs, The (1996)'"
b'1007',b'Waiting for Guffman (1996)'
b'1222',b'Judgment Night (1993)'
b'1185',b'In the Army Now (1994)'
b'1631',"b'Slingshot, The (1993)'"
b'1072',"b""Pyromaniac's Love Story, A (1995)"""
b'867',"b'Whole Wide World, The (1996)'"
b'1503',b'Gold Diggers: The Secret of Bear Mountain (1995)'
b'1173',b'Bliss (1997)'
b'515',"b'Boot, Das (1981)'"
b'19',"b""Antonia's Line (1995)"""
b'420',b'Alice in Wonderland (1951)'
b'1576',"b'Hungarian Fairy Tale, A (1987)'"
b'1543',b'Johns (1996)'
b'985',b'Blood & Wine (1997)'
b'6',b'Shanghai Triad (Yao a yao yao dao waipo qiao) (1995)'
b'1349',b'Mille bolle blu (1993)'
b'1310',"b'Walk in the Sun, A (1945)'"
b'1459',b'Madame Butterfly (1995)'
b'503',"b'Candidate, The (1972)'"
b'497',b'Bringing Up Baby (1938)'
b'1107',b'Beyond Rangoon (1995)'
b'472',b'Dragonheart (1996)'
b'421',"b""William Shakespeare's Romeo and Juliet (1996)"""
b'1404',b'Withnail and I (1987)'
b'806',b'Menace II Society (1993)'
b'585',b'Son in Law (1993)'
b'1556',b'Condition Red (1995)'
b'1084',b'Anne Frank Remembered (1995)'
b'853',b'Braindead (1992)'
b'1580',b'Liebelei (1933)'
b'576',b'Cliffhanger (1993)'
b'1279',b'Wild America (1997)'
b'559',b'Interview with the Vampire (1994)'
b'902',"b'Big Lebowski, The (1998)'"
b'780',b'Dumb & Dumber (1994)'
b'306',"b'Mrs. Brown (Her Majesty, Mrs. Brown) (1997)'"
b'1406',b'When Night Is Falling (1995)'
b'266',b'Kull the Conqueror (1997)'
b'234',b'Jaws (1975)'
b'909',b'Dangerous Beauty (1998)'
b'965',b'Funny Face (1957)'
b'28',b'Apollo 13 (1995)'
b'35',b'Free Willy 2: The Adventure Home (1995)'
b'525',"b'Big Sleep, The (1946)'"
b'1581',"b'Woman in Question, The (1950)'"
b'919',"b'City of Lost Children, The (1995)'"
b'95',b'Aladdin (1992)'
b'1254',"b""Gone Fishin' (1997)"""
b'366',b'Dangerous Minds (1995)'
b'27',b'Bad Boys (1995)'
b'1567',b'Careful (1992)'
b'1443',b'8 Seconds (1994)'
b'691',b'Dark City (1998)'
b'1009',b'Stealing Beauty (1996)'
b'1343',b'Lotto Land (1995)'
b'1564',b'To Cross the Rubicon (1991)'
b'236',b'Citizen Ruth (1996)'
b'1144',"b'Quiet Room, The (1996)'"
b'1234',b'Chairman of the Board (1998)'
b'1614',"b'Reluctant Debutante, The (1958)'"
b'1430',b'Ill Gotten Gains (1997)'
b'801',"b'Air Up There, The (1994)'"
b'916',b'Lost in Space (1998)'
b'1629',b'Nico Icon (1995)'
b'1505',b'Killer: A Journal of Murder (1995)'
b'773',b'Mute Witness (1994)'
b'1570',b'Quartier Mozart (1992)'
b'1441',b'Moonlight and Valentino (1995)'
b'1022',"b'Fast, Cheap & Out of Control (1997)'"
b'872',b'Love Jones (1997)'
b'439',b'Amityville: A New Generation (1993)'
b'1627',"b'Wife, The (1995)'"
b'895',b'Scream 2 (1997)'
b'1080',b'Celestial Clockwork (1994)'
b'307',"b""Devil's Advocate, The (1997)"""
b'580',"b'Englishman Who Went Up a Hill, But Came Down a Mountain, The (1995)'"
b'1562',"b""Eye of Vichy, The (Oeil de Vichy, L') (1993)"""
b'1153',b'Backbeat (1993)'
b'669',b'Body Parts (1991)'
b'969',b'Winnie the Pooh and the Blustery Day (1968)'
b'457',b'Free Willy 3: The Rescue (1997)'
b'1100',b'What Happened Was... (1994)'
b'1214',b'In the Realm of the Senses (Ai no corrida) (1976)'
b'199',"b'Bridge on the River Kwai, The (1957)'"
b'834',b'Halloween: The Curse of Michael Myers (1995)'
b'1193',b'Before the Rain (Pred dozhdot) (1994)'
b'823',b'Mulholland Falls (1996)'
b'976',b'Solo (1996)'
b'1053',b'Now and Then (1995)'
b'257',b'Men in Black (1997)'
b'845',b'That Thing You Do! (1996)'
b'448',"b'Omen, The (1976)'"
b'1483',"b'Man in the Iron Mask, The (1998)'"
b'1500',b'Santa with Muscles (1996)'
b'1649',"b'Big One, The (1997)'"
b'617',"b'Blue Angel, The (Blaue Engel, Der) (1930)'"
b'1298',"b'Band Wagon, The (1953)'"
b'616',b'Night of the Living Dead (1968)'
b'1112',b'Cobb (1994)'
b'49',b'I.Q. (1994)'
b'836',b'Ninotchka (1939)'
b'1122',b'They Made Me a Criminal (1939)'
b'1487',b'Even Cowgirls Get the Blues (1993)'
b'287',"b""Marvin's Room (1996)"""
b'399',"b'Three Musketeers, The (1993)'"
b'1498',b'Farmer & Chase (1995)'
b'1482',"b'Gate of Heavenly Peace, The (1995)'"
b'394',b'Radioland Murders (1994)'
b'1081',b'Curdled (1996)'
b'944',b'Renaissance Man (1994)'
b'240',b'Beavis and Butt-head Do America (1996)'
b'1414',b'Coldblooded (1995)'
b'565',b'Village of the Damned (1995)'
b'1029',b'Jury Duty (1995)'
b'964',"b'Month by the Lake, A (1995)'"
b'1568',b'Vermont Is For Lovers (1992)'
b'489',b'Notorious (1946)'
b'303',"b""Ulee's Gold (1997)"""
b'1110',b'Tank Girl (1995)'
b'1176',b'Welcome To Sarajevo (1997)'
b'728',b'Junior (1994)'
b'1156',b'Cyclo (1995)'
b'426',"b'Transformers: The Movie, The (1986)'"
b'584',"b'Secret Garden, The (1993)'"
b'255',"b""My Best Friend's Wedding (1997)"""
b'59',b'Three Colors: Red (1994)'
b'766',b'Man of the Year (1995)'
b'850',"b'Perfect Candidate, A (1996)'"
b'1256',"b'Designated Mourner, The (1997)'"
b'1377',b'Hotel de Love (1996)'
b'37',b'Nadja (1994)'
b'1519',b'New Jersey Drive (1995)'
b'819',b'Eddie (1996)'
b'569',b'Wolf (1994)'
b'684',b'In the Line of Fire (1993)'
b'228',b'Star Trek: The Wrath of Khan (1982)'
b'619',b'Extreme Measures (1996)'
b'1654',b'Chairman of the Board (1998)'
b'1515',b'Wings of Courage (1995)'
b'665',b'Alien 3 (1992)'
b'442',"b'Amityville Curse, The (1990)'"
b'1606',b'Deceiver (1997)'
b'943',b'Killing Zoe (1994)'
b'425',b'Bob Roberts (1992)'
b'66',b'While You Were Sleeping (1995)'
b'1200',b'Kim (1950)'
b'849',b'Days of Thunder (1990)'
b'1469',b'Tom and Huck (1995)'
b'155',b'Dirty Dancing (1987)'
b'904',b'Ma vie en rose (My Life in Pink) (1997)'
b'1191',"b'Letter From Death Row, A (1998)'"
b'1585',b'American Dream (1990)'
b'440',b'Amityville II: The Possession (1982)'
b'14',"b'Postino, Il (1994)'"
b'1475',b'Bhaji on the Beach (1993)'
b'509',b'My Left Foot (1989)'
b'523',b'Cool Hand Luke (1967)'
b'261',b'Air Bud (1997)'
b'1650',"b'Butcher Boy, The (1998)'"
b'1434',b'Shooting Fish (1997)'
b'280',b'Up Close and Personal (1996)'
b'1088',b'Double Team (1997)'
b'707',b'Enchanted April (1991)'
b'1064',b'Crossfire (1947)'
b'138',b'D3: The Mighty Ducks (1996)'
b'1037',b'Grease 2 (1982)'
b'1141',"b'War Room, The (1993)'"
b'492',b'East of Eden (1955)'
b'1439',"b""Jason's Lyric (1994)"""
b'36',b'Mad Love (1995)'
b'1239',b'Cutthroat Island (1995)'
b'193',"b'Right Stuff, The (1983)'"
b'16',b'French Twist (Gazon maudit) (1995)'
b'640',"b'Cook the Thief His Wife & Her Lover, The (1989)'"
b'1672',b'Kika (1993)'
b'1021',b'8 1/2 (1963)'
b'1293',b'Star Kid (1997)'
b'379',b'Tales From the Crypt Presents: Demon Knight (1995)'
b'413',b'Tales from the Crypt Presents: Bordello of Blood (1996)'
b'359',"b'Assignment, The (1997)'"
b'351',"b'Prophecy II, The (1998)'"
b'462',b'Like Water For Chocolate (Como agua para chocolate) (1992)'
b'1403',b'Caro Diario (Dear Diary) (1994)'
b'874',b'Career Girls (1997)'
b'169',"b'Wrong Trousers, The (1993)'"
b'679',b'Conan the Barbarian (1981)'
b'491',"b'Adventures of Robin Hood, The (1938)'"
b'469',b'Short Cuts (1993)'
b'1106',"b'Newton Boys, The (1998)'"
b'553',"b'Walk in the Clouds, A (1995)'"
b'63',"b'Santa Clause, The (1994)'"
b'1550',b'Destiny Turns on the Radio (1995)'
b'422',b'Aladdin and the King of Thieves (1996)'
b'362',b'Blues Brothers 2000 (1998)'
b'397',b'Striking Distance (1993)'
b'214',b'Pink Floyd - The Wall (1982)'
b'1164',b'Zeus and Roxanne (1997)'
b'182',b'GoodFellas (1990)'
b'443',"b'Birds, The (1963)'"
b'1078',b'Oliver & Company (1988)'
b'329',b'Desperate Measures (1998)'
b'135',b'2001: A Space Odyssey (1968)'
b'159',b'Basic Instinct (1992)'
b'1658',"b'Substance of Fire, The (1996)'"
b'1035',b'Cool Runnings (1993)'
b'1059',"b""Don't Be a Menace to South Central While Drinking Your Juice in the Hood (1996)"""
b'1586',b'Lashou shentan (1992)'
b'278',b'Bed of Roses (1996)'
b'171',b'Delicatessen (1991)'
b'940',b'Airheads (1994)'
b'313',b'Titanic (1997)'
b'560',"b""Kid in King Arthur's Court, A (1995)"""
b'88',b'Sleepless in Seattle (1993)'
b'1548',b'The Courtyard (1995)'
b'829',b'Fled (1996)'
b'1213',b'Guilty as Sin (1993)'
b'600',"b""Daniel Defoe's Robinson Crusoe (1996)"""
b'533',"b'Daytrippers, The (1996)'"
b'33',b'Desperado (1995)'
b'1229',b'Poison Ivy II (1995)'
b'1319',"b'Neon Bible, The (1995)'"
b'729',b'Nell (1994)'
b'763',b'Happy Gilmore (1996)'
b'1510',b'Mad Dog Time (1996)'
b'510',"b'Magnificent Seven, The (1954)'"
b'1514',b'Dream With the Fishes (1997)'
b'336',b'Playing God (1997)'
b'1625',b'Nightwatch (1997)'
b'232',b'Young Guns (1988)'
b'161',b'Top Gun (1986)'
b'302',b'L.A. Confidential (1997)'
b'918',b'City of Angels (1998)'
b'50',b'Star Wars (1977)'
b'222',b'Star Trek: First Contact (1996)'
b'1226',b'Night Falls on Manhattan (1997)'
b'1220',b'Higher Learning (1995)'
b'513',"b'Third Man, The (1949)'"
b'77',"b'Firm, The (1993)'"
b'1608',b'Buddy (1997)'
b'1428',b'SubUrbia (1997)'
b'32',b'Crumb (1994)'
b'813',"b'Celluloid Closet, The (1995)'"
b'1065',b'Koyaanisqatsi (1983)'
b'846',b'To Gillian on Her 37th Birthday (1996)'
b'1250',b'Best of the Best 3: No Turning Back (1995)'
b'1160',b'Love! Valour! Compassion! (1997)'
b'1452',b'Lady of Burlesque (1943)'
b'1085',b'Carried Away (1996)'
b'1218',b'Friday (1995)'
b'772',b'Kids (1995)'
b'615',"b'39 Steps, The (1935)'"
b'613',b'My Man Godfrey (1936)'
b'246',b'Chasing Amy (1997)'
b'357',"b""One Flew Over the Cuckoo's Nest (1975)"""
b'74',b'Faster Pussycat! Kill! Kill! (1965)'
b'517',b'Manhattan (1979)'
b'1095',b'High School High (1996)'
b'1043',b'Rent-a-Kid (1995)'
b'573',b'Body Snatchers (1993)'
b'601',b'For Whom the Bell Tolls (1943)'
b'1331',"b'Last Klezmer: Leopold Kozlowski, His Life and Music, The (1995)'"
b'1584',"b'Symphonie pastorale, La (1946)'"
b'1621',b'Butterfly Kiss (1995)'
b'970',b'Hear My Song (1991)'
b'1407',"b'Specialist, The (1994)'"
b'1379',b'Love and Other Catastrophes (1996)'
b'566',b'Clear and Present Danger (1994)'
b'767',"b'Addiction, The (1995)'"
b'373',b'Judge Dredd (1995)'
b'1225',b'Angus (1995)'
b'694',b'Persuasion (1995)'
b'1520',"b'Fear, The (1995)'"
b'174',b'Raiders of the Lost Ark (1981)'
b'1026',"b'Lay of the Land, The (1997)'"
b'1367',b'Faust (1994)'
b'516',b'Local Hero (1983)'
b'604',b'It Happened One Night (1934)'
b'933',"b'Funeral, The (1996)'"
b'89',b'Blade Runner (1982)'
b'75',b'Brother Minister: The Assassination of Malcolm X (1994)'
b'272',b'Good Will Hunting (1997)'
b'945',b'Charade (1963)'
b'1163',"b'Portrait of a Lady, The (1996)'"
b'1420',"b""Gilligan's Island: The Movie (1998)"""
b'1345',"b'Day the Sun Turned Cold, The (Tianguo niezi) (1994)'"
b'557',b'Farinelli: il castrato (1994)'
b'129',b'Bound (1996)'
b'22',b'Braveheart (1995)'
b'1560',b'Clean Slate (Coup de Torchon) (1981)'
b'46',b'Exotica (1994)'
b'977',"b'Substitute, The (1996)'"
b'209',b'This Is Spinal Tap (1984)'
b'681',b'Wishmaster (1997)'
b'1195',b'Strawberry and Chocolate (Fresa y chocolate) (1993)'
b'213',"b'Room with a View, A (1986)'"
b'79',"b'Fugitive, The (1993)'"
b'300',b'Air Force One (1997)'
b'370',b'Mary Reilly (1996)'
b'988',"b'Beautician and the Beast, The (1997)'"
b'1126',"b'Old Man and the Sea, The (1958)'"
b'139',"b'Love Bug, The (1969)'"
b'574',b'Boxing Helena (1993)'
b'154',"b""Monty Python's Life of Brian (1979)"""
b'429',"b'Day the Earth Stood Still, The (1951)'"
b'630',"b'Great Race, The (1965)'"
b'683',b'Rocket Man (1997)'
b'461',b'Smoke (1995)'
b'1172',"b'Women, The (1939)'"
b'1032',b'Little Big League (1994)'
b'1174',b'Caught (1996)'
b'715',b'To Die For (1995)'
b'495',b'Around the World in 80 Days (1956)'
b'737',b'Sirens (1994)'
b'900',b'Kundun (1997)'
b'883',b'Telling Lies in America (1997)'
b'1030',"b'Beverly Hillbillies, The (1993)'"
b'251',b'Shall We Dance? (1996)'
b'561',"b""Mary Shelley's Frankenstein (1994)"""
b'446',b'Burnt Offerings (1976)'
b'1203',b'Top Hat (1935)'
b'711',"b'Substance of Fire, The (1996)'"
b'1647',b'Hana-bi (1997)'
b'476',"b'First Wives Club, The (1996)'"
b'5',b'Copycat (1995)'
b'437',"b""Amityville 1992: It's About Time (1992)"""
b'1542',"b'Scarlet Letter, The (1926)'"
b'544',"b""Things to Do in Denver when You're Dead (1995)"""
b'1624',b'Hush (1998)'
b'718',b'In the Bleak Midwinter (1995)'
b'931',"b'Island of Dr. Moreau, The (1996)'"
b'1375',"b'Cement Garden, The (1993)'"
b'279',b'Once Upon a Time... When We Were Colored (1995)'
b'1477',b'Nightwatch (1997)'
b'652',b'Rosencrantz and Guildenstern Are Dead (1990)'
b'810',"b'Shadow, The (1994)'"
b'732',b'Dave (1993)'
b'595',"b'Fan, The (1996)'"
b'298',b'Face/Off (1997)'
b'1055',"b'Simple Twist of Fate, A (1994)'"
b'168',b'Monty Python and the Holy Grail (1974)'
b'1101',b'Six Degrees of Separation (1993)'
b'1175',b'Hugo Pool (1997)'
b'1330',b'An Unforgettable Summer (1994)'
b'862',b'Jingle All the Way (1996)'
b'30',b'Belle de jour (1967)'
b'710',b'Better Off Dead... (1985)'
b'627',b'Robin Hood: Prince of Thieves (1991)'
b'555',"b""White Man's Burden (1995)"""
b'1446',"b'Bye Bye, Love (1995)'"
b'1261',"b'Run of the Country, The (1995)'"
b'1411',b'Barbarella (1968)'
b'1451',b'Foreign Correspondent (1940)'
b'85',"b'Ref, The (1994)'"
b'1006',b'Until the End of the World (Bis ans Ende der Welt) (1991)'
b'121',b'Independence Day (ID4) (1996)'
b'871',b'Vegas Vacation (1997)'
b'1344',"b'Story of Xinghua, The (1993)'"
b'639',"b'Tin Drum, The (Blechtrommel, Die) (1979)'"
b'1286',b'Shall We Dance? (1937)'
b'1269',b'Love in the Afternoon (1957)'
b'463',"b'Secret of Roan Inish, The (1994)'"
b'765',b'Boomerang (1992)'
b'959',b'Dazed and Confused (1993)'
b'163',"b'Return of the Pink Panther, The (1974)'"
b'926',b'Down Periscope (1996)'
b'750',b'Amistad (1997)'
b'485',b'My Fair Lady (1964)'
b'610',b'Gigi (1958)'
b'1131',b'Safe (1995)'
b'268',b'Chasing Amy (1997)'
b'577',b'Coneheads (1993)'
b'625',"b'Sword in the Stone, The (1963)'"
b'102',"b'Aristocats, The (1970)'"
b'72',"b'Mask, The (1994)'"
b'391',b'Last Action Hero (1993)'
b'833',b'Bulletproof (1996)'
b'1192',"b'Boys of St. Vincent, The (1993)'"
b'899',"b'Winter Guest, The (1997)'"
b'1241',"b'Van, The (1996)'"
b'183',b'Alien (1979)'
b'1609',b'B*A*P*S (1997)'
b'1655',"b'Favor, The (1994)'"
b'989',"b""Cats Don't Dance (1997)"""
b'128',b'Supercop (1992)'
b'1270',b'Life with Mikey (1993)'
b'529',b'My Life as a Dog (Mitt liv som hund) (1985)'
b'1622',"b'Paris, France (1993)'"
b'1288',b'Denise Calls Up (1995)'
b'693',b'Casino (1995)'
b'143',"b'Sound of Music, The (1965)'"
b'346',b'Jackie Brown (1997)'
b'1575',"b'I, Worst of All (Yo, la peor de todas) (1990)'"
b'124',b'Lone Star (1996)'
b'1533',"b""I Don't Want to Talk About It (De eso no se habla) (1993)"""
b'297',"b""Ulee's Gold (1997)"""
b'1074',b'Reality Bites (1994)'
b'1468',"b'Cure, The (1995)'"
b'1363',"b'Leopard Son, The (1996)'"
b'165',b'Jean de Florette (1986)'
b'1133',b'Escape to Witch Mountain (1975)'
b'1166',b'Love & Human Remains (1993)'
b'1066',b'Balto (1995)'
b'195',"b'Terminator, The (1984)'"
b'792',b'Bullets Over Broadway (1994)'
b'1445',b'Ladybird Ladybird (1994)'
b'917',b'Mercury Rising (1998)'
b'743',"b'Crow: City of Angels, The (1996)'"
b'687',"b""McHale's Navy (1997)"""
b'563',"b""Stephen King's The Langoliers (1995)"""
b'1523',"b'Good Man in Africa, A (1994)'"
b'1207',b'Jade (1995)'
b'776',b'Three Wishes (1995)'
b'1613',b'Tokyo Fist (1995)'
b'11',b'Seven (Se7en) (1995)'
b'1480',b'Herbie Rides Again (1974)'
b'761',b'Nick of Time (1995)'
b'1574',"b""Pharaoh's Army (1995)"""
b'1634',b'Etz Hadomim Tafus (Under the Domin Tree) (1994)'
b'579',b'Fatal Instinct (1993)'
b'633',"b'Christmas Carol, A (1938)'"
b'738',b'Threesome (1994)'
b'680',b'Kull the Conqueror (1997)'
b'782',b'Little Odessa (1994)'
b'490',b'To Catch a Thief (1955)'
b'1297',b'Love Affair (1994)'
b'709',b'Strictly Ballroom (1992)'
b'348',b'Desperate Measures (1998)'
b'1438',b'Panther (1995)'
b'1145',b'Blue Chips (1994)'
b'1219',"b'Goofy Movie, A (1995)'"
b'1351',"b""Lover's Knot (1996)"""
b'227',b'Star Trek VI: The Undiscovered Country (1991)'
b'1400',b'Picture Bride (1995)'
b'103',b'All Dogs Go to Heaven 2 (1996)'
b'470',b'Tombstone (1993)'
b'242',b'Kolya (1996)'
b'1597',b'Romper Stomper (1992)'
b'961',b'Orlando (1993)'
b'1295',b'Kicked in the Head (1997)'
b'259',b'George of the Jungle (1997)'
b'1051',"b'Associate, The (1996)'"
b'166',b'Manon of the Spring (Manon des sources) (1986)'
b'375',b'Showgirls (1995)'
b'826',"b'Phantom, The (1996)'"
b'1324',b'Loaded (1994)'
b'1486',b'Girl in the Cadillac (1995)'
b'459',"b'Cry, the Beloved Country (1995)'"
b'1334',b'Somebody to Love (1994)'
b'757',b'Across the Sea of Time (1995)'
b'1108',b'Feast of July (1995)'
b'1018',b'Tie Me Up! Tie Me Down! (1990)'
b'455',"b""Jackie Chan's First Strike (1996)"""
b'55',"b'Professional, The (1994)'"
b'1582',b'T-Men (1947)'
b'1124',"b'Farewell to Arms, A (1932)'"
b'494',b'His Girl Friday (1940)'
b'733',b'Go Fish (1994)'
b'198',b'Nikita (La Femme Nikita) (1990)'
b'716',b'Home for the Holidays (1995)'
b'353',b'Deep Rising (1998)'
b'790',b'Tommy Boy (1995)'
b'23',b'Taxi Driver (1976)'
b'1152',b'In Love and War (1996)'
b'18',"b'White Balloon, The (1995)'"
b'218',b'Cape Fear (1991)'
b'700',b'Miami Rhapsody (1995)'
b'331',"b'Edge, The (1997)'"
b'340',b'Boogie Nights (1997)'
b'70',b'Four Weddings and a Funeral (1994)'
b'1294',b'Ayn Rand: A Sense of Life (1997)'
b'690',b'Seven Years in Tibet (1997)'
b'551',b'Lord of Illusions (1995)'
b'1402',"b'Ciao, Professore! (1993)'"
b'1027',"b'Shooter, The (1995)'"
b'1184',"b'Endless Summer 2, The (1994)'"
b'1111',b'Double Happiness (1994)'
b'1000',b'Lightning Jack (1994)'
b'122',"b'Cable Guy, The (1996)'"
b'986',b'Turbulence (1997)'
b'172',"b'Empire Strikes Back, The (1980)'"
b'1280',b'Gang Related (1997)'
b'196',b'Dead Poets Society (1989)'
b'1636',b'Brothers in Trouble (1995)'
b'87',b'Searching for Bobby Fischer (1993)'
b'157',b'Platoon (1986)'
b'203',b'Unforgiven (1992)'
b'1308',b'Babyfever (1994)'
b'891',b'Bent (1997)'
b'641',b'Paths of Glory (1957)'
b'636',b'Escape from New York (1981)'
b'1316',"b'Horse Whisperer, The (1998)'"
b'1383',"b'Second Jungle Book: Mowgli & Baloo, The (1997)'"
b'1056',b'Cronos (1992)'
b'1275',b'Killer (Bulletproof Heart) (1994)'
b'1194',b'Once Were Warriors (1994)'
b'1157',"b'Relic, The (1997)'"
b'249',b'Austin Powers: International Man of Mystery (1997)'
b'330',b'187 (1997)'
b'1099',"b'Red Firecracker, Green Firecracker (1994)'"
b'1348',b'Every Other Weekend (1990)'
b'972',b'Passion Fish (1992)'
b'1657',b'Target (1995)'
b'96',b'Terminator 2: Judgment Day (1991)'
b'430',b'Duck Soup (1933)'
b'345',b'Deconstructing Harry (1997)'
b'1680',b'Sliding Doors (1998)'
b'326',b'G.I. Jane (1997)'
b'1057',"b'Pallbearer, The (1996)'"
b'1154',b'Alphaville (1965)'
b'1024',b'Mrs. Dalloway (1997)'
b'947',"b'Big Blue, The (Grand bleu, Le) (1988)'"
b'1028',b'Grumpier Old Men (1995)'
b'467',"b'Bronx Tale, A (1993)'"
b'1325',b'August (1996)'
b'1509',b'Getting Even with Dad (1994)'
b'975',b'Fear (1996)'
b'339',b'Mad City (1997)'
b'538',b'Anastasia (1997)'
b'315',b'Apt Pupil (1998)'
b'1493',"b'Modern Affair, A (1995)'"
b'1499',b'Grosse Fatigue (1994)'
b'1525',"b'Object of My Affection, The (1998)'"
b'877',b'Excess Baggage (1997)'
b'344',"b'Apostle, The (1997)'"
b'1019',"b'Die xue shuang xiong (Killer, The) (1989)'"
b'1117',b'Surviving Picasso (1996)'
b'672',b'Candyman (1992)'
b'996',"b'Big Green, The (1995)'"
b'1531',b'Far From Home: The Adventures of Yellow Dog (1995)'
b'1444',b'That Darn Cat! (1965)'
b'1258',b'Trial and Error (1997)'
b'1508',"b'Babysitter, The (1995)'"
b'558',b'Heavenly Creatures (1994)'
b'402',b'Ghost (1990)'
b'108',b'Kids in the Hall: Brain Candy (1996)'
b'229',b'Star Trek III: The Search for Spock (1984)'
b'1040',b'Two if by Sea (1996)'
b'475',b'Trainspotting (1996)'
b'42',b'Clerks (1994)'
b'1169',b'Fresh (1994)'
b'349',b'Hard Rain (1998)'
b'1063',"b'Little Princess, A (1995)'"
b'774',"b'Prophecy, The (1995)'"
b'735',b'Philadelphia (1993)'
b'1516',"b'Wedding Gift, The (1994)'"
b'1412',b'Land Before Time III: The Time of the Great Giving (1995) (V)'
b'1529',b'Underground (1995)'
b'1569',"b'Vie est belle, La (Life is Rosey) (1987)'"
b'857',b'Paris Was a Woman (1995)'
b'723',b'Boys on the Side (1995)'
b'881',b'Money Talks (1997)'
b'83',b'Much Ado About Nothing (1993)'
b'1362',b'American Strays (1996)'
b'270',b'Gattaca (1997)'
b'1666',b'Ripe (1996)'
b'104',b'Theodore Rex (1995)'
b'1079',"b""Joe's Apartment (1996)"""
b'1097',"b'Hate (Haine, La) (1995)'"
b'452',b'Jaws 2 (1978)'
b'364',b'Ace Ventura: When Nature Calls (1995)'
b'501',b'Dumbo (1941)'
b'1013',b'Anaconda (1997)'
b'1',b'Toy Story (1995)'
b'419',b'Mary Poppins (1964)'
b'337',"b'House of Yes, The (1997)'"
b'1302',b'Late Bloomers (1996)'
b'1371',"b'Machine, The (1994)'"
b'910',b'Nil By Mouth (1997)'
b'1535',"b""Enfer, L' (1994)"""
b'282',"b'Time to Kill, A (1996)'"
b'456',b'Beverly Hills Ninja (1997)'
b'656',b'M (1931)'
b'1431',b'Legal Deceit (1997)'
b'582',"b'Piano, The (1993)'"
b'546',b'Broken Arrow (1996)'
b'967',b'Little Lord Fauntleroy (1936)'
b'1378',b'Rhyme & Reason (1997)'
b'699',b'Little Women (1994)'
b'264',b'Mimic (1997)'
b'408',"b'Close Shave, A (1995)'"
b'404',b'Pinocchio (1940)'
b'667',b'Audrey Rose (1977)'
b'412',"b'Very Brady Sequel, A (1996)'"
b'894',b'Home Alone 3 (1997)'
b'1528',b'Nowhere (1997)'
b'804',b'Jimmy Hollywood (1994)'
b'224',b'Ridicule (1996)'
b'1023',"b""Fathers' Day (1997)"""
b'1419',b'Highlander III: The Sorcerer (1994)'
b'276',b'Leaving Las Vegas (1995)'
b'167',b'Private Benjamin (1980)'
b'925',b'Unforgettable (1996)'
b'851',b'Two or Three Things I Know About Her (1966)'
b'285',b'Secrets & Lies (1996)'
b'504',b'Bonnie and Clyde (1967)'
b'1425',"b""I'll Do Anything (1994)"""
b'1289',b'Jack and Sarah (1995)'
b'1161',b'Palookaville (1996)'
b'1462',"b'Thieves (Voleurs, Les) (1996)'"
b'107',b'Moll Flanders (1996)'
b'1652',b'Temptress Moon (Feng Yue) (1996)'
b'800',b'In the Mouth of Madness (1995)'
b'53',b'Natural Born Killers (1994)'
b'1418',"b'Joy Luck Club, The (1993)'"
b'908',b'Half Baked (1998)'
b'120',b'Striptease (1996)'
b'286',"b'English Patient, The (1996)'"
b'1502',b'Naked in New York (1994)'
b'1134',b'Get on the Bus (1996)'
b'403',b'Batman (1989)'
b'482',b'Some Like It Hot (1959)'
b'1151',b'Original Gangstas (1996)'
b'1591',b'Duoluo tianshi (1995)'
b'392',"b'Man Without a Face, The (1993)'"
b'756',b'Father of the Bride Part II (1995)'
b'478',"b'Philadelphia Story, The (1940)'"
b'803',b'Heaven & Earth (1993)'
b'791',"b'Baby-Sitters Club, The (1995)'"
b'592',b'True Crime (1995)'
b'827',b'Daylight (1996)'
b'99',b'Snow White and the Seven Dwarfs (1937)'
b'1004',b'Geronimo: An American Legend (1993)'
b'130',b'Kansas City (1996)'
b'786',"b'Perez Family, The (1995)'"
b'1664',b'8 Heads in a Duffel Bag (1997)'
b'465',"b'Jungle Book, The (1994)'"
b'158',"b""Weekend at Bernie's (1989)"""
b'1015',b'Shiloh (1997)'
b'480',b'North by Northwest (1959)'
b'795',b'Richie Rich (1994)'
b'1150',b'Last Dance (1996)'
b'762',b'Beautiful Girls (1996)'
b'1142',b'When We Were Kings (1996)'
b'1268',b'Bitter Moon (1992)'
b'1410',b'Harlem (1993)'
b'477',b'Matilda (1996)'
b'635',"b'Fog, The (1980)'"
b'659',b'Arsenic and Old Lace (1944)'
b'1453',b'Angel on My Shoulder (1946)'
b'946',"b'Fox and the Hound, The (1981)'"
b'1464',"b'Stars Fell on Henrietta, The (1995)'"
b'653',b'Touch of Evil (1958)'
b'288',b'Scream (1996)'
b'938',"b'Smile Like Yours, A (1997)'"
b'670',b'Body Snatchers (1993)'
b'253',"b'Pillow Book, The (1995)'"
b'674',b'Cat People (1982)'
b'407',b'Spy Hard (1996)'
b'575',"b""City Slickers II: The Legend of Curly's Gold (1994)"""
b'1149',b'Walkabout (1971)'
b'98',"b'Silence of the Lambs, The (1991)'"
b'884',b'Year of the Horse (1997)'
b'9',b'Dead Man Walking (1995)'
b'468',b'Rudy (1993)'
b'1300',"b""'Til There Was You (1997)"""
b'258',b'Contact (1997)'
b'1456',b'Beat the Devil (1954)'
b'1604',b'He Walked by Night (1948)'
b'787',b'Roommates (1995)'
b'564',b'Tales from the Hood (1995)'
b'1481',b'S.F.W. (1994)'
b'405',b'Mission: Impossible (1996)'
b'725',b'Exit to Eden (1994)'
b'863',"b'Garden of Finzi-Contini, The (Giardino dei Finzi-Contini, Il) (1970)'"
b'1638',b'Normal Life (1996)'
b'747',b'Benny & Joon (1993)'
b'100',b'Fargo (1996)'
b'886',"b'Life Less Ordinary, A (1997)'"
b'114',b'Wallace & Gromit: The Best of Aardman Animation (1996)'
b'170',b'Cinema Paradiso (1988)'
b'247',b'Turbo: A Power Rangers Movie (1997)'
b'952',b'Blue in the Face (1995)'
b'386',b'Addams Family Values (1993)'
b'318',"b""Schindler's List (1993)"""
b'1485',"b'Colonel Chabert, Le (1994)'"
b'1341',b'Hedd Wyn (1992)'
b'1478',b'Dead Presidents (1995)'
b'634',"b""Microcosmos: Le peuple de l'herbe (1996)"""
b'521',"b'Deer Hunter, The (1978)'"
b'1147',b'My Family (1995)'
b'1135',"b'Doors, The (1991)'"
b'314',b'3 Ninjas: High Noon At Mega Mountain (1998)'
b'1272',b'Talking About Sex (1994)'
b'235',b'Mars Attacks! (1996)'
b'1526',b'Witness (1985)'
b'1255',b'Broken English (1996)'
b'1373',b'Good Morning (1971)'
b'1167',"b'Sum of Us, The (1994)'"
b'1639',b'Bitter Sugar (Azucar Amargo) (1996)'
b'1070',b'Living in Oblivion (1995)'
b'1182',b'Cops and Robbersons (1994)'
b'1010',b'Basquiat (1996)'
b'620',"b'Chamber, The (1996)'"
b'1306',b'Delta of Venus (1994)'
b'973',b'Grateful Dead (1995)'
b'532',b'Kama Sutra: A Tale of Love (1996)'
b'1329',"b'Low Life, The (1994)'"
b'1267',b'Clockers (1995)'
b'1470',b'Gumby: The Movie (1995)'
b'1180',b'I Love Trouble (1994)'
b'759',b'Fair Game (1995)'
b'1593',b'Death in Brunswick (1991)'
b'905',b'Great Expectations (1998)'
b'1217',b'Assassins (1995)'
b'572',b'Blown Away (1994)'
b'1376',b'Meet Wally Sparks (1997)'
b'1188',b'Young Guns II (1990)'
b'1321',b'Open Season (1996)'
b'971',b'Mediterraneo (1991)'
b'299',b'Hoodlum (1997)'
b'1309',"b'Very Natural Thing, A (1974)'"
b'866',b'Michael (1996)'
b'1616',b'Desert Winds (1995)'
b'277',b'Restoration (1995)'
b'1380',b'Hollow Reed (1996)'
b'796',b'Speechless (1994)'
b'591',b'Primal Fear (1996)'
b'67',b'Ace Ventura: Pet Detective (1994)'
b'305',"b'Ice Storm, The (1997)'"
b'1041',b'Forget Paris (1995)'
b'273',b'Heat (1995)'
b'24',b'Rumble in the Bronx (1995)'
b'1488',b'Germinal (1993)'
b'712',b'Tin Men (1987)'
b'54',b'Outbreak (1995)'
b'1327',b'Captives (1994)'
b'612',b'Lost Horizon (1937)'
b'162',b'On Golden Pond (1981)'
b'552',b'Species (1995)'
b'382',"b'Adventures of Priscilla, Queen of the Desert, The (1994)'"
b'1178',b'Major Payne (1994)'
b'152',b'Sleeper (1973)'
b'999',b'Clean Slate (1994)'
b'1202',"b'Maybe, Maybe Not (Bewegte Mann, Der) (1994)'"
b'649',b'Once Upon a Time in America (1984)'
b'1617',b'Hugo Pool (1997)'
b'1058',"b'War, The (1994)'"
b'885',b'Phantoms (1998)'
b'324',b'Lost Highway (1997)'
b'436',"b'American Werewolf in London, An (1981)'"
b'57',b'Priest (1994)'
b'507',"b'Streetcar Named Desire, A (1951)'"
b'990',b'Anna Karenina (1997)'
b'134',b'Citizen Kane (1941)'
b'444',"b'Blob, The (1958)'"
b'698',"b'Browning Version, The (1994)'"
b'1589',b'Schizopolis (1996)'
b'1450',b'Golden Earrings (1947)'
b'1674',b'Mamma Roma (1962)'
b'137',b'Big Night (1996)'
b'117',"b'Rock, The (1996)'"
b'1536',b'Aiqing wansui (1994)'
b'296',"b'Promesse, La (1996)'"
b'1413',b'Street Fighter (1994)'
b'815',b'One Fine Day (1996)'
b'400',"b'Little Rascals, The (1994)'"
b'1060',"b'Adventures of Pinocchio, The (1996)'"
b'1259',b'Pie in the Sky (1995)'
b'602',"b'American in Paris, An (1951)'"
b'889',"b'Tango Lesson, The (1997)'"
b'1653',b'Entertaining Angels: The Dorothy Day Story (1996)'
b'395',b'Robin Hood: Men in Tights (1993)'
b'590',b'Hellraiser: Bloodline (1996)'
b'1374',b'Falling in Love Again (1980)'
b'689',"b'Jackal, The (1997)'"
b'1281',b'Manny & Lo (1996)'
b'481',"b'Apartment, The (1960)'"
b'4',b'Get Shorty (1995)'
b'832',b'Bogus (1996)'
b'554',b'Waterworld (1995)'
b'1559',b'Hostile Intentions (1994)'
b'1260',b'Total Eclipse (1995)'
b'984',b'Shadow Conspiracy (1997)'
b'181',b'Return of the Jedi (1983)'
b'1249',b'For Love or Money (1993)'
b'1382',"b'Bonheur, Le (1965)'"
b'870',b'Touch (1997)'
b'289',b'Evita (1996)'
b'1143',b'Hard Eight (1996)'
b'901',b'Mr. Magoo (1997)'
b'179',"b'Clockwork Orange, A (1971)'"
b'1513',b'Sprung (1997)'
b'118',b'Twister (1996)'
b'332',b'Kiss the Girls (1997)'
b'754',b'Red Corner (1997)'
b'929',b'Harriet the Spy (1996)'
b'484',"b'Maltese Falcon, The (1941)'"
b'998',b'Cabin Boy (1994)'
b'350',b'Fallen (1998)'
b'1337',b'Larger Than Life (1996)'
b'1545',b'Frankie Starlight (1995)'
b'1558',b'Aparajito (1956)'
b'1524',b'Kaspar Hauser (1993)'
b'950',b'Georgia (1995)'
b'1317',"b'Journey of August King, The (1995)'"
b'657',"b'Manchurian Candidate, The (1962)'"
b'1605',b'Love Serenade (1996)'
b'726',b'Fluke (1995)'
b'1020',b'Gaslight (1944)'
b'812',b'Andre (1994)'
b'864',b'My Fellow Americans (1996)'
b'642',"b'Grifters, The (1990)'"
b'61',b'Three Colors: White (1994)'
b'508',"b'People vs. Larry Flynt, The (1996)'"
b'939',b'Murder in the First (1995)'
b'1530',b'Jefferson in Paris (1995)'
b'1626',b'Nobody Loves Me (Keiner liebt mich) (1994)'
b'924',b'White Squall (1996)'
b'596',"b'Hunchback of Notre Dame, The (1996)'"
b'753',b'Burnt By the Sun (1994)'
b'1677',b'Sweet Nothing (1995)'
b'499',b'Cat on a Hot Tin Roof (1958)'
b'1602',"b'Price Above Rubies, A (1998)'"
b'1342',"b'Convent, The (Convento, O) (1995)'"
b'1311',b'Waiting to Exhale (1995)'
b'556',b'Wild Bill (1995)'
b'598',"b'Big Squeeze, The (1996)'"
b'220',"b'Mirror Has Two Faces, The (1996)'"
b'1047',b'Multiplicity (1996)'
b'736',b'Shadowlands (1993)'
b'511',b'Lawrence of Arabia (1962)'
b'197',"b'Graduate, The (1967)'"
b'542',b'Pocahontas (1995)'
b'110',b'Operation Dumbo Drop (1995)'
b'1399',b'Stranger in the House (1997)'
b'52',"b'Madness of King George, The (1994)'"
b'363',b'Sudden Death (1995)'
b'828',b'Alaska (1996)'
b'1501',b'Prisoner of the Mountains (Kavkazsky Plennik) (1996)'
b'570',b'Wyatt Earp (1994)'
b'811',b'Thirty-Two Short Films About Glenn Gould (1993)'
b'1301',b'Stripes (1981)'
b'1002',"b'Pest, The (1997)'"
b'890',b'Mortal Kombat: Annihilation (1997)'
b'1635',b'Two Friends (1986) '
b'383',"b'Flintstones, The (1994)'"
b'837',b'Meet John Doe (1941)'
b'1577',"b'Death in the Garden (Mort en ce jardin, La) (1956)'"
b'156',b'Reservoir Dogs (1992)'
b'1537',b'Cosi (1996)'
b'204',b'Back to the Future (1985)'
b'1369',"b'Forbidden Christ, The (Cristo proibito, Il) (1950)'"
b'2',b'GoldenEye (1995)'
b'997',b'Stuart Saves His Family (1995)'
b'1012',b'Private Parts (1997)'
b'185',b'Psycho (1960)'
b'1052',b'Dracula: Dead and Loving It (1995)'
b'1641',b'Dadetown (1995)'
b'243',b'Jungle2Jungle (1997)'
b'1199',b'Cemetery Man (Dellamorte Dellamore) (1994)'
b'1265',b'Star Maps (1997)'
b'1171',b'Wild Reeds (1994)'
b'1305',"b""National Lampoon's Senior Trip (1995)"""
b'1552',"b'Hunted, The (1995)'"
b'1660',b'Small Faces (1995)'
b'1001',"b'Stupids, The (1996)'"
b'175',b'Brazil (1985)'
b'62',b'Stargate (1994)'
b'1278',b'Selena (1997)'
b'31',b'Crimson Tide (1995)'
b'789',b'Swimming with Sharks (1995)'
b'1049',b'House Arrest (1996)'
b'705',"b""Singin' in the Rain (1952)"""
b'721',b'Mallrats (1995)'
b'671',b'Bride of Frankenstein (1935)'
b'1257',"b'Designated Mourner, The (1997)'"
b'742',b'Ransom (1996)'
b'898',"b'Postman, The (1997)'"
b'1050',"b'Ghost and Mrs. Muir, The (1947)'"
b'333',"b'Game, The (1997)'"
b'695',b'Kicking and Screaming (1995)'
b'545',b'Vampire in Brooklyn (1995)'
b'536',b'Ponette (1996)'
b'316',b'As Good As It Gets (1997)'
b'578',b'Demolition Man (1993)'
b'858',b'Amityville: Dollhouse (1996)'
b'1196',"b'Savage Nights (Nuits fauves, Les) (1992)'"
b'219',"b'Nightmare on Elm Street, A (1984)'"
b'1678',"b""Mat' i syn (1997)"""
b'1326',b'Boys (1996)'
b'978',"b""Heaven's Prisoners (1996)"""
b'304',b'Fly Away Home (1996)'
b'356',"b'Client, The (1994)'"
b'1553',"b'Underneath, The (1995)'"
b'520',"b'Great Escape, The (1963)'"
b'321',b'Mother (1996)'
b'101',b'Heavy Metal (1981)'
b'1264',b'Nothing to Lose (1994)'
b'518',"b""Miller's Crossing (1990)"""
b'133',b'Gone with the Wind (1939)'
b'1663',b'Nothing Personal (1995)'
b'487',b'Roman Holiday (1953)'
b'927',"b'Flower of My Secret, The (Flor de mi secreto, La) (1995)'"
b'897',b'Time Tracers (1995)'
b'843',"b'Shaggy Dog, The (1959)'"
b'368',b'Bio-Dome (1996)'
b'1247',b'Bad Girls (1994)'
b'25',"b'Birdcage, The (1996)'"
b'109',b'Mystery Science Theater 3000: The Movie (1996)'
b'1092',b'Dear God (1996)'
b'922',b'Dead Man (1995)'
b'783',b'Milk Money (1994)'
b'45',b'Eat Drink Man Woman (1994)'
b'589',"b'Wild Bunch, The (1969)'"
b'1612',"b'Leading Man, The (1996)'"
b'1238',b'Full Speed (1996)'
b'609',b'Father of the Bride (1950)'
b'347',b'Wag the Dog (1997)'
b'427',b'To Kill a Mockingbird (1962)'
b'212',"b'Unbearable Lightness of Being, The (1988)'"
b'97',b'Dances with Wolves (1990)'
b'1416',b'No Escape (1994)'
b'432',b'Fantasia (1940)'
b'112',b'Flipper (1996)'
b'638',"b'Return of Martin Guerre, The (Retour de Martin Guerre, Le) (1982)'"
b'771',b'Johnny Mnemonic (1995)'
b'820',b'Space Jam (1996)'
b'194',"b'Sting, The (1973)'"
b'869',b'Fools Rush In (1997)'
b'341',b'Critical Care (1997)'
b'1651',"b'Spanish Prisoner, The (1997)'"
b'1442',"b'Scarlet Letter, The (1995)'"
b'1183',"b'Cowboy Way, The (1994)'"
b'1656',b'Little City (1998)'
b'1206',b'Amos & Andrew (1993)'
b'749',"b'MatchMaker, The (1997)'"
b'1392',"b'Locusts, The (1997)'"
b'953',b'Unstrung Heroes (1995)'
b'1360',"b'Sexual Life of the Belgians, The (1994)'"
b'1130',"b""Jupiter's Wife (1994)"""
b'1299',b'Penny Serenade (1941)'
b'1045',b'Fearless (1993)'
b'21',b'Muppet Treasure Island (1996)'
b'1615',b'Warriors of Virtue (1997)'
b'1253',"b'Tie That Binds, The (1995)'"
b'1661',"b'New Age, The (1994)'"
b'309',b'Deceiver (1997)'
b'1368',b'Mina Tannenbaum (1994)'
b'1232',b'Madonna: Truth or Dare (1991)'
b'537',b'My Own Private Idaho (1991)'
b'1561',b'Tigrero: A Film That Was Never Made (1994)'
b'758',b'Lawnmower Man 2: Beyond Cyberspace (1996)'
b'623',b'Angels in the Outfield (1994)'
b'605',b'Meet Me in St. Louis (1944)'
b'377',b'Heavyweights (1994)'
b'696',b'City Hall (1996)'
b'727',b'Immortal Beloved (1994)'
b'648',"b'Quiet Man, The (1952)'"
b'1600',b'Guantanamera (1994)'
b'1235',"b'Big Bang Theory, The (1994)'"
b'113',"b'Horseman on the Roof, The (Hussard sur le toit, Le) (1995)'"
b'73',b'Maverick (1994)'
b'1571',b'Touki Bouki (Journey of the Hyena) (1973)'
b'239',b'Sneakers (1992)'
b'328',b'Conspiracy Theory (1997)'
b'361',b'Incognito (1997)'
b'1421',b'My Crazy Life (Mi vida loca) (1993)'
b'292',b'Rosewood (1997)'
b'522',b'Down by Law (1986)'
b'526',b'Ben-Hur (1959)'
b'1228',b'Under Siege 2: Dark Territory (1995)'
b'215',b'Field of Dreams (1989)'
b'1628',b'Lamerica (1994)'
b'876',b'Money Talks (1997)'
b'424',b'Children of the Corn: The Gathering (1996)'
b'311',"b'Wings of the Dove, The (1997)'"
b'730',"b'Queen Margot (Reine Margot, La) (1994)'"
b'654',b'Chinatown (1974)'
b'928',"b'Craft, The (1996)'"
b'43',b'Disclosure (1994)'
b'788',b'Relative Fear (1994)'
b'632',"b""Sophie's Choice (1982)"""
b'406',b'Thinner (1996)'
b'10',b'Richard III (1995)'
b'1620',"b'Sixth Man, The (1997)'"
b'119',b'Maya Lin: A Strong Clear Vision (1994)'
b'8',b'Babe (1995)'
b'936',b'Brassed Off (1996)'
b'942',"b""What's Love Got to Do with It (1993)"""
b'779',b'Drop Zone (1994)'
b'1630',"b'Silence of the Palace, The (Saimt el Qusur) (1994)'"
b'84',"b""Robert A. Heinlein's The Puppet Masters (1994)"""
b'1401',b'M. Butterfly (1993)'
b'1087',b'Bloodsport 2 (1995)'
b'1391',b'For Ever Mozart (1996)'
b'1044',"b'Paper, The (1994)'"
b'1061',"b'Evening Star, The (1996)'"
b'1358',b'The Deadly Cure (1996)'
b'145',"b'Lawnmower Man, The (1992)'"
b'1332',"b""My Life and Times With Antonin Artaud (En compagnie d'Antonin Artaud) (1993)"""
b'603',b'Rear Window (1954)'
b'1408',b'Gordy (1995)'
b'1204',b'To Be or Not to Be (1942)'
b'44',b'Dolores Claiborne (1994)'
b'1068',"b""Star Maker, The (Uomo delle stelle, L') (1995)"""
b'1667',"b'Next Step, The (1995)'"
b'1113',b'Mrs. Parker and the Vicious Circle (1994)'
b'325',b'Crash (1996)'
b'342',"b'Man Who Knew Too Little, The (1997)'"
b'646',b'Once Upon a Time in the West (1969)'
b'269',"b'Full Monty, The (1997)'"
b'354',"b'Wedding Singer, The (1998)'"
b'1632',b'Land and Freedom (Tierra y libertad) (1995)'
b'116',b'Cold Comfort Farm (1995)'
b'131',"b""Breakfast at Tiffany's (1961)"""
b'265',"b'Hunt for Red October, The (1990)'"
b'187',"b'Godfather: Part II, The (1974)'"
b'1496',b'Carpool (1996)'
b'855',b'Diva (1981)'
b'741',"b'Last Supper, The (1995)'"
b'1587',b'Terror in a Texas Town (1958)'
b'376',b'Houseguest (1994)'
b'320',b'Paradise Lost: The Child Murders at Robin Hood Hills (1996)'
b'713',b'Othello (1995)'
b'401',"b'Brady Bunch Movie, The (1995)'"
b'1082',b'Female Perversions (1996)'
b'541',b'Mortal Kombat (1995)'
b'1449',b'Pather Panchali (1955)'
b'1102',b'Two Much (1996)'
b'1448',b'My Favorite Season (1993)'
b'1547',"b'Show, The (1995)'"
b'140',b'Homeward Bound: The Incredible Journey (1993)'
b'571',b'Another Stakeout (1993)'
b'678',b'Volcano (1997)'
b'451',b'Grease (1978)'
b'284',b'Tin Cup (1996)'
b'1062',b'Four Days in September (1997)'
b'1162',b'Phat Beach (1996)'
b'708',"b'Sex, Lies, and Videotape (1989)'"
b'293',b'Donnie Brasco (1997)'
b'1127',"b'Truman Show, The (1998)'"
b'764',b'If Lucy Fell (1996)'
b'1432',"b'Mighty, The (1998)'"
b'1390',"b'Innocent Sleep, The (1995)'"
b'650',"b'Seventh Seal, The (Sjunde inseglet, Det) (1957)'"
b'1252',"b'Contempt (M\xc3\xa9pris, Le) (1963)'"
b'275',b'Sense and Sensibility (1995)'
b'1599',"b""Someone Else's America (1995)"""
b'835',"b'Gay Divorcee, The (1934)'"
b'781',b'French Kiss (1995)'
b'839',b'Loch Ness (1995)'
b'1539',b'Being Human (1993)'
b'581',b'Kalifornia (1993)'
b'385',b'True Lies (1994)'
b'1673',b'Mirage (1995)'
b'390',b'Fear of a Black Hat (1993)'
b'1618',b'King of New York (1990)'
b'310',"b'Rainmaker, The (1997)'"
b'460',"b'Crossing Guard, The (1995)'"
b'271',b'Starship Troopers (1997)'
b'1129',b'Chungking Express (1994)'
b'1642',"b""Some Mother's Son (1996)"""
b'71',"b'Lion King, The (1994)'"
b'1048',"b""She's the One (1996)"""
b'548',"b'NeverEnding Story III, The (1994)'"
b'1248',b'Blink (1994)'
b'703',"b""Widows' Peak (1994)"""
b'842',b'Pollyanna (1960)'
b'1284',b'Before and After (1996)'
b'1511',b'Children of the Revolution (1996)'
b'90',b'So I Married an Axe Murderer (1993)'
b'69',b'Forrest Gump (1994)'
b'200',"b'Shining, The (1980)'"
b'1437',b'House Party 3 (1994)'
b'39',b'Strange Days (1995)'
b'1212',b'Flesh and Bone (1993)'
b'1555',"b'Secret Adventures of Tom Thumb, The (1993)'"
b'1355',b'Infinity (1996)'
b'94',b'Home Alone (1990)'
b'76',"b""Carlito's Way (1993)"""
b'160',b'Glengarry Glen Ross (1992)'
b'739',b'Pretty Woman (1990)'
b'466',b'Red Rock West (1992)'
b'1554',b'Safe Passage (1994)'
b'1679',b'B. Monkey (1998)'
b'1303',"b'Getaway, The (1994)'"
b'888',b'One Night Stand (1997)'
b'441',"b'Amityville Horror, The (1979)'"
b'1646',b'Men With Guns (1997)'
b'367',b'Clueless (1995)'
b'64',"b'Shawshank Redemption, The (1994)'"
b'1263',b'Foxfire (1996)'
b'1118',b'Up in Smoke (1978)'
b'1466',"b""Margaret's Museum (1995)"""
b'127',"b'Godfather, The (1972)'"
b'1633',b'\xc3\x81 k\xc3\xb6ldum klaka (Cold Fever) (1994)'
b'1489',b'Chasers (1994)'
b'12',"b'Usual Suspects, The (1995)'"
b'502',b'Bananas (1971)'
b'1353',b'1-900 (1994)'
b'1276',b'Sunset Park (1996)'
b'1128',b'Heidi Fleiss: Hollywood Madam (1995) '
b'225',b'101 Dalmatians (1996)'
b'372',b'Jeffrey (1995)'
b'534',b'Traveller (1997)'
b'794',b'It Could Happen to You (1994)'
b'150',b'Swingers (1996)'
b'731',"b'Corrina, Corrina (1994)'"
b'1016',b'Con Air (1997)'
b'221',b'Breaking the Waves (1996)'
b'514',b'Annie Hall (1977)'
b'755',b'Jumanji (1995)'
b'338',b'Bean (1997)'
b'831',b'Escape from L.A. (1996)'
b'1237',b'Twisted (1996)'
b'223',b'Sling Blade (1996)'
b'1086',"b""It's My Party (1995)"""
b'1579',b'Baton Rouge (1988)'
b'86',"b'Remains of the Day, The (1993)'"
b'567',"b""Wes Craven's New Nightmare (1994)"""
b'1197',"b'Family Thing, A (1996)'"
b'1472',"b'Visitors, The (Visiteurs, Les) (1993)'"
b'643',b'The Innocent (1994)'
b'360',b'Wonderland (1997)'
b'1003',b'That Darn Cat! (1997)'
b'274',b'Sabrina (1995)'
b'951',"b'Indian in the Cupboard, The (1995)'"
b'126',"b'Spitfire Grill, The (1996)'"
b'416',b'Old Yeller (1957)'
b'701',"b'Wonderful, Horrible Life of Leni Riefenstahl, The (1993)'"
b'281',"b'River Wild, The (1994)'"
b'751',b'Tomorrow Never Dies (1997)'
b'722',b'Nine Months (1995)'
b'1318',b'Catwalk (1995)'
b'1215',b'Barb Wire (1996)'
b'644',"b'Thin Blue Line, The (1988)'"
b'378',b'Miracle on 34th Street (1994)'
b'622',b'Swiss Family Robinson (1960)'
b'802',b'Hard Target (1993)'
b'1517',b'Race the Sun (1996)'
b'1435',"b'Steal Big, Steal Little (1995)'"
b'856',b'Night on Earth (1991)'
b'1274',b'Robocop 3 (1993)'
b'841',"b'Glimmer Man, The (1996)'"
b'1675',"b'Sunchaser, The (1996)'"
b'1227',"b'Awfully Big Adventure, An (1995)'"
b'415',"b'Apple Dumpling Gang, The (1975)'"
b'966',"b'Affair to Remember, An (1957)'"
b'913',b'Love and Death on Long Island (1997)'
b'410',b'Kingpin (1996)'
b'93',b'Welcome to the Dollhouse (1995)'
b'409',b'Jack (1996)'
b'599',b'Police Story 4: Project S (Chao ji ji hua) (1993)'
b'1017',b'Trees Lounge (1996)'
b'1005',"b'Double vie de V\xc3\xa9ronique, La (Double Life of Veronique, The) (1991)'"
b'260',b'Event Horizon (1997)'
b'875',"b""She's So Lovely (1997)"""
b'1595',b'Shopping (1994)'
b'611',b'Laura (1944)'
b'1132',b'Feeling Minnesota (1996)'
b'535',b'Addicted to Love (1997)'
b'396',b'Serial Mom (1994)'
b'250',"b'Fifth Element, The (1997)'"
b'435',b'Butch Cassidy and the Sundance Kid (1969)'
b'1034',"b'Quest, The (1996)'"
b'893',b'For Richer or Poorer (1997)'
b'369',b'Black Sheep (1996)'
b'706',b'Bad Moon (1996)'
b'982',b'Maximum Risk (1996)'
b'3',b'Four Rooms (1995)'
b'252',"b'Lost World: Jurassic Park, The (1997)'"
b'1490',b'Fausto (1993)'
b'450',b'Star Trek V: The Final Frontier (1989)'
b'628',b'Sleepers (1996)'
b'1187',b'Switchblade Sisters (1975)'
b'1601',b'Office Killer (1997)'
b'949',b'How to Make an American Quilt (1995)'
b'1381',b'Losing Chase (1996)'
b'471',b'Courage Under Fire (1996)'
b'323',"b""Dante's Peak (1997)"""
b'245',"b""Devil's Own, The (1997)"""
b'319',b'Everyone Says I Love You (1996)'
b'208',b'Young Frankenstein (1974)'
b'1534',b'Twin Town (1997)'
b'1287',b'Ed (1996)'
b'957',b'Pushing Hands (1992)'
b'1148',b'Tom & Viv (1994)'
b'663',b'Being There (1979)'
b'191',b'Amadeus (1984)'
b'149',b'Jude (1996)'
b'1394',b'Swept from the Sea (1997)'
b'1427',b'Drunks (1995)'
b'825',"b'Arrival, The (1996)'"
b'1136',b'Ghosts of Mississippi (1996)'
b'1676',"b'War at Home, The (1996)'"
b'1105',b'Firestorm (1998)'
b'1168',b'Little Buddha (1993)'
b'818',b'Girl 6 (1996)'
b'1522',b'Trial by Jury (1994)'
b'740',b'Jane Eyre (1996)'
b'1291',b'Celtic Pride (1996)'
b'1417',"b'Turning, The (1992)'"
b'190',b'Henry V (1989)'
b'568',b'Speed (1994)'
b'398',b'Super Mario Bros. (1993)'
b'1340',"b'Crude Oasis, The (1995)'"
b'1440',b'Above the Rim (1994)'
b'868',b'Hearts and Minds (1996)'
b'1042',b'Just Cause (1995)'
b'1507',b'Three Lives and Only One Death (1996)'
b'583',b'Romeo Is Bleeding (1993)'
b'704',"b'House of the Spirits, The (1993)'"
b'374',b'Mighty Morphin Power Rangers: The Movie (1995)'
b'47',b'Ed Wood (1994)'
b'226',b'Die Hard 2 (1990)'
b'1491',b'Tough and Deadly (1995)'
b'1623',"b'C\xc3\xa9r\xc3\xa9monie, La (1995)'"
b'932',b'First Kid (1996)'
b'873',b'Picture Perfect (1997)'
b'506',b'Rebel Without a Cause (1955)'
b'785',b'Only You (1994)'
b'449',b'Star Trek: The Motion Picture (1979)'
b'666',"b""Blood For Dracula (Andy Warhol's Dracula) (1974)"""
b'745',"b'Ruling Class, The (1972)'"
b'562',"b'Quick and the Dead, The (1995)'"
b'995',"b'Kiss Me, Guido (1997)'"
b'58',b'Quiz Show (1994)'
b'352',b'Spice World (1997)'
b'423',b'E.T. the Extra-Terrestrial (1982)'
b'1120',"b""I'm Not Rappaport (1996)"""
b'1385',"b""Roseanna's Grave (For Roseanna) (1997)"""
b'1551',"b'Glass Shield, The (1994)'"
b'1506',b'Nelly & Monsieur Arnaud (1995)'
b'1155',"b'Rendezvous in Paris (Rendez-vous de Paris, Les) (1995)'"
b'1668',b'Wedding Bell Blues (1996)'
b'1338',b'Two Deaths (1995)'
b'1038',b'Switchback (1997)'
b'608',b'Spellbound (1945)'
b'1244',b'Metro (1997)'
b'859',"b""April Fool's Day (1986)"""
b'322',b'Murder at 1600 (1997)'
b'651',b'Glory (1989)'
b'1433',b'Men of Means (1998)'
b'1476',b'Raw Deal (1948)'
b'963',b'Some Folks Call It a Sling Blade (1993)'
b'956',"b""Nobody's Fool (1994)"""
b'1091',"b""Pete's Dragon (1977)"""
b'343',b'Alien: Resurrection (1997)'
b'1607',b'Hurricane Streets (1998)'
b'1181',"b'Low Down Dirty Shame, A (1994)'"
b'1384',b'Squeeze (1996)'
b'1397',b'Of Human Bondage (1934)'
b'1557',b'Yankee Zulu (1994)'
b'606',b'All About Eve (1950)'
b'746',b'Real Genius (1985)'
b'1640',"b'Eighth Day, The (1996)'"
b'607',b'Rebecca (1940)'
b'1146',b'Calendar Girl (1993)'
b'493',"b'Thin Man, The (1934)'"
b'775',b'Something to Talk About (1995)'
b'1467',"b'Saint of Fort Washington, The (1993)'"
b'141',"b'20,000 Leagues Under the Sea (1954)'"
b'911',b'Twilight (1998)'
b'81',"b'Hudsucker Proxy, The (1994)'"
b'934',"b""Preacher's Wife, The (1996)"""
b'1223',b'King of the Hill (1993)'
b'458',b'Nixon (1995)'
b'797',b'Timecop (1994)'
b'38',"b'Net, The (1995)'"
b'438',b'Amityville 3-D (1983)'
b'1296',b'Indian Summer (1996)'
b'1138',b'Best Men (1997)'
b'1387',b'Fall (1997)'
b'1282',"b'Grass Harp, The (1995)'"
b'527',b'Gandhi (1982)'
b'798',b'Bad Company (1995)'
b'1393',b'Stag (1997)'
b'1123',"b'Last Time I Saw Paris, The (1954)'"
b'1336',b'Kazaam (1996)'
b'1262',b'Walking and Talking (1996)'
b'384',b'Naked Gun 33 1/3: The Final Insult (1994)'
b'955',b'Before Sunrise (1995)'
b'830',b'Power 98 (1995)'
b'519',"b'Treasure of the Sierra Madre, The (1948)'"
b'777',b'Castle Freak (1995)'
b'1339',b'Stefano Quantestorie (1993)'
b'840',b'Last Man Standing (1996)'
b'1573',b'Spirits of the Dead (Tre passi nel delirio) (1968)'
b'1611',b'Intimate Relations (1996)'
b'1125',"b'Innocents, The (1961)'"
b'824',"b'Great White Hype, The (1996)'"
b'1354',b'Venice/Venice (1992)'
b'593',b'Stalingrad (1993)'
